Location,Location_Type,Bedroom_Size,Price_2014_01,Price_2014_02,Price_2014_03,Price_2014_04,Price_2014_05,Price_2014_06,Price_2014_07,Price_2014_08,Price_2014_09,Price_2014_10,Price_2014_11,Price_2014_12,Price_2015_01,Price_2015_02,Price_2015_03,Price_2015_04,Price_2015_05,Price_2015_06,Price_2015_07,Price_2015_08,Price_2015_09,Price_2015_10,Price_2015_11,Price_2015_12,Price_2016_01,Price_2016_02,Price_2016_03,Price_2016_04,Price_2016_05,Price_2016_06,Price_2016_07,Price_2016_08,Price_2016_09,Price_2016_10,Price_2016_11,Price_2016_12,Price_2017_01,Price_2017_02,Price_2017_03,Price_2017_04,Price_2017_05,Price_2017_06,Price_2017_07,Price_2017_08,Price_2017_09,Price_2017_10,Price_2017_11,Price_2017_12,Price_2018_01,Price_2018_02,Price_2018_03,Price_2018_04,Price_2018_05,Price_2018_06,Price_2018_07,Price_2018_08,Price_2018_09,Price_2018_10,Price_2018_11,Price_2018_12,Price_2019_01,Price_2019_02,Price_2019_03,Price_2019_04,Price_2019_05,Price_2019_06,Price_2019_07,Price_2019_08,Price_2019_09,Price_2019_10
"Alabama","State","Studio",573,573,574,574,575,576,578,580,580,580,580,580,580,580,580,581,582,581,581,579,579,578,579,581,580,578,574,578,582,585,587,588,588,589,589,591,592,593,594,595,598,600,602,602,601,600,600,600,601,598,598,600,605,609,608,607,606,609,611,613,612,610,609,613,618,622,622,621,620,620
"Alabama","State","1br",624,624,625,625,626,627,629,631,631,631,631,632,631,631,632,632,633,633,633,631,630,629,630,633,631,629,625,630,633,637,639,640,640,641,642,643,644,645,646,648,650,653,655,655,654,653,654,653,654,651,651,654,658,663,662,661,659,663,665,667,666,664,663,667,672,677,677,676,675,675
"Alabama","State","2br",758,758,759,759,760,762,765,766,767,766,767,767,767,767,767,768,769,768,769,766,765,765,766,769,766,764,760,765,769,774,776,777,778,779,779,781,783,784,785,787,790,793,796,796,795,794,794,794,795,791,791,794,800,805,804,803,801,805,808,811,809,807,805,811,817,823,823,822,820,820
"Alabama","State","3br",1013,1013,1014,1015,1016,1018,1022,1024,1025,1024,1024,1026,1025,1025,1025,1027,1028,1027,1027,1024,1023,1022,1023,1027,1024,1021,1015,1022,1028,1034,1037,1039,1039,1041,1042,1044,1046,1048,1049,1052,1056,1060,1063,1063,1062,1061,1061,1061,1062,1056,1057,1061,1069,1076,1074,1072,1070,1076,1080,1083,1081,1078,1076,1083,1091,1099,1100,1098,1095,1096
"Alabama","State","4br",1178,1178,1179,1180,1182,1184,1188,1191,1192,1191,1192,1193,1192,1192,1193,1194,1196,1194,1195,1191,1189,1189,1190,1195,1191,1187,1181,1189,1196,1203,1206,1208,1209,1210,1211,1214,1216,1219,1220,1224,1228,1233,1237,1237,1236,1234,1234,1234,1235,1229,1229,1234,1243,1251,1250,1248,1245,1252,1256,1260,1257,1254,1251,1260,1269,1279,1279,1277,1274,1275
"Alaska","State","Studio",841,846,848,852,853,854,853,854,856,856,856,855,852,851,851,852,855,855,856,853,851,850,849,850,849,846,842,843,845,842,834,823,818,818,819,819,821,822,824,822,821,821,822,822,819,817,815,815,816,814,813,813,814,815,815,814,813,814,815,816,814,812,810,812,815,818,818,816,815,811
"Alaska","State","1br",961,967,969,974,975,975,974,976,978,978,978,977,974,973,972,974,977,977,978,975,973,971,970,971,970,967,963,964,966,962,953,941,934,934,935,936,938,939,941,940,938,938,940,940,936,933,931,932,933,930,929,929,930,932,931,930,929,930,931,932,930,928,926,928,932,935,934,933,931,927
"Alaska","State","2br",1230,1237,1239,1245,1247,1247,1246,1249,1251,1250,1251,1250,1245,1244,1243,1246,1250,1249,1251,1246,1244,1242,1241,1242,1241,1237,1231,1233,1235,1231,1219,1203,1195,1195,1196,1197,1199,1201,1204,1202,1200,1200,1202,1202,1197,1193,1191,1192,1193,1190,1189,1189,1190,1192,1191,1190,1188,1189,1191,1192,1190,1187,1184,1187,1192,1195,1195,1193,1191,1186
"Alaska","State","3br",1738,1748,1751,1760,1762,1763,1761,1765,1767,1767,1768,1766,1760,1758,1757,1761,1766,1766,1768,1762,1759,1755,1754,1756,1754,1748,1740,1742,1746,1740,1722,1701,1689,1689,1691,1692,1695,1698,1701,1698,1696,1695,1698,1699,1692,1687,1684,1684,1686,1681,1680,1680,1682,1684,1683,1682,1679,1681,1683,1685,1681,1678,1673,1678,1684,1689,1689,1686,1683,1676
"Alaska","State","4br",2086,2098,2102,2113,2116,2117,2115,2119,2122,2122,2122,2121,2113,2111,2110,2114,2120,2120,2123,2115,2111,2107,2106,2108,2105,2099,2089,2091,2096,2089,2068,2042,2028,2027,2030,2032,2035,2038,2042,2039,2036,2035,2039,2039,2031,2025,2021,2022,2024,2019,2017,2017,2019,2022,2021,2019,2016,2018,2020,2022,2019,2014,2009,2015,2022,2028,2028,2024,2021,2012
"Arizona","State","Studio",600,603,605,606,608,610,612,613,614,615,616,618,619,621,623,626,630,633,637,639,640,641,644,646,646,646,647,652,654,654,656,657,660,661,663,664,665,669,673,678,682,684,686,688,689,689,689,690,691,692,694,696,699,701,703,704,705,707,709,711,712,713,716,719,722,725,727,729,730,732
"Arizona","State","1br",709,712,714,716,718,720,723,724,725,726,728,730,732,734,736,740,744,747,752,755,756,757,760,764,763,763,764,770,772,773,775,776,779,781,783,784,786,790,795,801,806,808,811,813,814,814,814,815,816,818,820,822,825,828,830,831,832,836,838,840,841,843,845,849,853,856,859,861,862,865
"Arizona","State","2br",896,900,902,905,907,910,913,915,916,917,920,923,924,927,930,935,940,944,950,953,955,956,960,965,963,963,965,972,975,976,978,980,984,987,989,991,993,998,1005,1012,1018,1021,1024,1027,1028,1028,1028,1029,1031,1033,1036,1038,1042,1046,1049,1050,1052,1056,1058,1061,1062,1064,1068,1073,1078,1082,1085,1087,1089,1093
"Arizona","State","3br",1295,1301,1305,1308,1312,1315,1320,1322,1325,1326,1330,1334,1336,1341,1344,1351,1358,1365,1374,1379,1381,1382,1389,1395,1393,1393,1395,1406,1410,1411,1415,1417,1423,1427,1430,1432,1436,1443,1452,1464,1471,1476,1481,1484,1487,1487,1487,1488,1491,1494,1498,1501,1507,1512,1516,1519,1520,1526,1530,1534,1536,1539,1544,1551,1558,1564,1568,1572,1574,1580
"Arizona","State","4br",1503,1509,1513,1518,1522,1526,1531,1534,1536,1538,1543,1548,1550,1555,1559,1568,1576,1583,1593,1599,1601,1603,1611,1618,1616,1616,1619,1631,1636,1637,1641,1644,1651,1655,1658,1661,1665,1674,1685,1698,1707,1713,1717,1722,1725,1725,1725,1726,1730,1733,1737,1741,1748,1755,1759,1762,1764,1770,1775,1779,1781,1785,1791,1799,1808,1814,1819,1823,1826,1833
"Arkansas","State","Studio",502,502,502,504,505,506,507,507,507,508,508,509,509,509,509,509,510,509,511,512,511,510,509,508,506,505,505,510,514,514,515,515,516,517,518,519,519,519,521,523,524,524,524,523,524,524,524,523,523,523,524,524,524,525,526,526,526,525,525,525,525,526,527,527,527,527,529,530,530,529
"Arkansas","State","1br",546,546,547,549,550,551,552,552,553,553,553,554,554,554,555,555,555,555,556,557,557,556,554,553,551,550,550,555,559,560,561,561,562,563,564,565,565,565,567,570,571,571,571,570,571,571,571,570,569,570,570,570,571,571,573,573,573,572,571,571,572,573,574,574,574,574,576,577,577,576
"Arkansas","State","2br",690,690,691,693,695,696,697,698,698,698,699,700,700,700,701,701,701,701,703,704,703,702,700,699,696,695,695,701,706,707,709,708,709,711,712,713,713,714,717,720,721,721,721,720,721,721,721,720,719,720,720,720,721,722,723,723,723,722,722,722,722,723,725,725,725,725,727,729,729,728
"Arkansas","State","3br",935,935,936,939,941,943,944,946,946,946,947,949,948,949,949,950,950,950,952,954,953,952,948,948,943,942,942,951,958,959,960,960,961,963,965,967,967,968,971,976,978,977,977,976,977,977,977,976,974,975,976,976,977,978,980,980,980,979,978,978,979,980,982,983,983,983,986,988,989,987
"Arkansas","State","4br",1095,1095,1097,1100,1102,1104,1106,1107,1108,1108,1109,1111,1111,1111,1112,1112,1113,1112,1115,1117,1116,1114,1111,1110,1105,1103,1103,1113,1121,1123,1125,1124,1126,1128,1130,1132,1132,1134,1138,1143,1145,1144,1144,1143,1144,1144,1144,1143,1141,1142,1143,1143,1144,1145,1148,1148,1148,1146,1145,1145,1147,1148,1150,1151,1151,1151,1155,1157,1158,1156
"California","State","Studio",1012,1016,1020,1026,1031,1037,1046,1053,1058,1060,1064,1067,1069,1073,1078,1084,1095,1103,1115,1123,1127,1129,1130,1131,1131,1133,1135,1138,1141,1142,1146,1148,1150,1151,1149,1147,1148,1154,1166,1180,1186,1191,1195,1199,1200,1200,1199,1198,1200,1202,1204,1207,1211,1216,1217,1217,1216,1218,1219,1221,1219,1218,1217,1221,1226,1230,1230,1229,1227,1231
"California","State","1br",1191,1196,1201,1207,1213,1220,1230,1239,1245,1247,1251,1255,1258,1263,1268,1276,1288,1298,1312,1322,1326,1329,1330,1331,1330,1333,1335,1338,1342,1344,1349,1350,1354,1354,1352,1350,1350,1358,1372,1389,1395,1401,1406,1411,1412,1412,1411,1410,1411,1414,1417,1420,1425,1431,1432,1432,1430,1433,1435,1436,1434,1433,1432,1437,1442,1448,1448,1446,1444,1448
"California","State","2br",1519,1525,1531,1539,1547,1556,1569,1579,1587,1590,1596,1601,1604,1610,1617,1627,1643,1655,1673,1685,1691,1694,1696,1697,1697,1700,1702,1707,1712,1714,1720,1722,1726,1726,1724,1722,1722,1732,1749,1771,1779,1786,1793,1799,1801,1800,1799,1798,1800,1803,1807,1811,1818,1824,1826,1826,1824,1827,1829,1832,1829,1827,1826,1832,1839,1846,1846,1844,1841,1847
"California","State","3br",2104,2112,2121,2132,2143,2155,2173,2188,2198,2203,2210,2217,2222,2230,2239,2253,2275,2292,2318,2334,2343,2347,2349,2350,2350,2354,2358,2364,2371,2373,2382,2385,2391,2391,2388,2385,2385,2399,2423,2453,2464,2474,2484,2491,2494,2494,2491,2490,2493,2497,2502,2508,2518,2527,2529,2529,2526,2531,2534,2537,2533,2531,2529,2538,2548,2557,2557,2554,2550,2558
"California","State","4br",2444,2454,2463,2477,2489,2503,2524,2541,2554,2559,2568,2575,2581,2591,2601,2617,2643,2663,2692,2711,2722,2726,2729,2730,2730,2735,2739,2746,2754,2757,2767,2770,2777,2778,2774,2770,2770,2787,2815,2850,2862,2874,2886,2894,2898,2897,2894,2892,2896,2900,2907,2913,2924,2935,2938,2938,2935,2940,2943,2947,2943,2940,2938,2948,2959,2970,2970,2967,2962,2971
"Colorado","State","Studio",705,706,710,717,725,733,742,750,755,756,759,761,763,764,773,780,789,793,801,809,813,814,811,809,809,813,818,823,829,833,839,840,840,838,834,830,828,831,836,844,853,862,869,872,869,863,857,852,850,852,856,860,865,870,873,875,874,873,872,873,872,873,875,879,884,888,890,890,888,887
"Colorado","State","1br",830,831,835,844,853,862,874,882,888,890,894,896,898,900,910,918,928,933,943,952,957,958,954,953,953,957,962,968,976,980,987,988,988,986,981,977,974,977,984,993,1004,1015,1023,1026,1022,1015,1008,1003,1000,1003,1008,1012,1018,1023,1028,1029,1028,1028,1027,1027,1026,1027,1029,1034,1040,1045,1047,1047,1045,1044
"Colorado","State","2br",1052,1054,1059,1070,1082,1093,1108,1119,1126,1129,1133,1136,1138,1141,1153,1164,1177,1183,1195,1208,1214,1214,1210,1208,1208,1213,1220,1227,1237,1243,1252,1253,1253,1251,1244,1238,1235,1239,1248,1260,1273,1287,1297,1301,1296,1287,1278,1271,1269,1271,1278,1283,1291,1298,1303,1305,1304,1303,1302,1302,1302,1303,1305,1312,1319,1325,1328,1328,1325,1324
"Colorado","State","3br",1515,1518,1526,1541,1558,1575,1596,1612,1623,1626,1633,1637,1640,1643,1662,1677,1696,1705,1722,1740,1749,1749,1743,1740,1740,1748,1758,1768,1783,1791,1803,1806,1805,1802,1792,1784,1779,1785,1798,1815,1834,1854,1869,1874,1867,1855,1841,1832,1828,1832,1841,1848,1860,1870,1878,1880,1879,1878,1876,1876,1875,1877,1880,1890,1900,1909,1913,1913,1909,1908
"Colorado","State","4br",1776,1779,1789,1806,1827,1846,1871,1889,1902,1906,1914,1919,1922,1926,1948,1965,1988,1998,2019,2039,2050,2050,2043,2040,2040,2048,2060,2073,2089,2099,2114,2116,2116,2112,2101,2091,2086,2093,2108,2127,2150,2173,2191,2196,2189,2174,2158,2147,2142,2147,2158,2167,2180,2191,2201,2204,2202,2201,2199,2199,2198,2200,2204,2215,2227,2237,2242,2242,2237,2236
"Connecticut","State","Studio",844,847,850,853,856,859,862,863,861,858,856,856,858,859,863,867,880,883,885,881,872,869,868,869,868,867,871,872,874,874,875,875,875,871,866,862,863,865,867,873,879,885,886,886,884,882,878,875,877,881,885,886,888,890,893,894,893,893,892,892,891,891,892,895,899,902,904,904,903,904
"Connecticut","State","1br",1010,1014,1017,1021,1024,1029,1032,1033,1031,1027,1025,1025,1027,1028,1032,1038,1053,1057,1059,1054,1044,1040,1039,1040,1039,1038,1043,1043,1046,1046,1047,1047,1047,1043,1036,1032,1033,1036,1038,1045,1052,1059,1060,1061,1058,1055,1050,1048,1049,1055,1059,1060,1063,1065,1069,1070,1069,1069,1068,1068,1067,1066,1067,1071,1075,1079,1081,1082,1080,1082
"Connecticut","State","2br",1265,1269,1273,1278,1283,1288,1292,1293,1290,1286,1283,1283,1285,1288,1292,1299,1319,1323,1326,1320,1307,1303,1301,1301,1301,1300,1305,1306,1310,1310,1311,1311,1311,1305,1297,1292,1293,1297,1299,1309,1317,1326,1327,1328,1324,1321,1315,1312,1314,1320,1326,1327,1331,1334,1338,1339,1338,1338,1337,1337,1336,1335,1336,1341,1346,1351,1354,1355,1352,1355
"Connecticut","State","3br",1607,1613,1618,1624,1630,1637,1642,1644,1640,1634,1630,1631,1633,1636,1642,1651,1676,1681,1686,1677,1661,1655,1653,1654,1653,1652,1659,1660,1665,1665,1666,1666,1666,1659,1649,1642,1644,1648,1651,1663,1674,1685,1687,1687,1683,1679,1671,1667,1669,1678,1685,1687,1691,1695,1700,1702,1701,1700,1699,1699,1697,1697,1698,1705,1711,1717,1721,1721,1719,1721
"Connecticut","State","4br",1857,1864,1869,1877,1884,1891,1898,1900,1895,1888,1884,1885,1887,1891,1898,1908,1937,1943,1948,1938,1919,1913,1910,1911,1910,1909,1917,1918,1924,1924,1925,1925,1925,1917,1905,1897,1899,1904,1908,1922,1934,1947,1949,1950,1945,1940,1931,1926,1929,1939,1948,1949,1954,1959,1965,1967,1966,1965,1964,1964,1961,1961,1962,1970,1977,1984,1988,1989,1986,1989
"Delaware","State","Studio",763,765,767,772,776,778,779,778,778,779,778,778,779,781,786,790,803,796,798,796,793,791,790,789,791,795,805,814,823,822,825,826,828,827,824,820,818,818,824,833,840,846,845,844,842,843,842,838,835,834,835,838,843,850,850,851,851,859,863,864,860,855,851,859,870,881,880,876,871,880
"Delaware","State","1br",880,882,885,890,895,897,898,897,898,899,897,898,898,901,906,911,925,918,920,917,914,912,910,910,912,916,928,938,949,948,951,953,954,953,950,945,943,943,950,960,968,975,974,974,971,972,970,966,963,962,963,966,972,980,980,981,981,991,995,996,992,985,981,991,1003,1016,1015,1010,1004,1014
"Delaware","State","2br",1073,1075,1079,1085,1091,1094,1095,1094,1094,1095,1094,1094,1095,1098,1104,1111,1128,1119,1122,1118,1114,1112,1110,1110,1112,1117,1132,1144,1157,1156,1159,1161,1163,1162,1158,1152,1150,1150,1158,1171,1181,1189,1188,1187,1183,1185,1183,1178,1174,1173,1174,1177,1185,1195,1195,1196,1196,1208,1213,1214,1209,1201,1196,1208,1223,1238,1237,1232,1224,1237
"Delaware","State","3br",1416,1419,1424,1433,1441,1444,1445,1444,1445,1446,1444,1445,1445,1450,1458,1466,1489,1477,1481,1476,1471,1468,1465,1465,1468,1474,1494,1510,1527,1526,1530,1533,1536,1534,1529,1521,1518,1518,1529,1545,1559,1569,1568,1567,1562,1564,1562,1555,1550,1548,1550,1554,1564,1578,1577,1579,1579,1594,1601,1603,1596,1586,1579,1594,1615,1635,1633,1626,1616,1633
"Delaware","State","4br",1609,1611,1617,1627,1636,1640,1641,1640,1640,1642,1640,1640,1642,1647,1655,1665,1691,1678,1682,1676,1671,1668,1664,1664,1668,1674,1697,1715,1734,1733,1738,1741,1744,1742,1736,1728,1724,1724,1736,1755,1770,1782,1781,1779,1774,1776,1774,1766,1760,1758,1760,1765,1776,1792,1791,1793,1794,1811,1818,1820,1812,1801,1793,1810,1834,1856,1855,1847,1835,1854
"District of Columbia","State","Studio",1330,1327,1328,1336,1346,1351,1358,1355,1354,1343,1337,1335,1330,1331,1334,1342,1346,1348,1353,1359,1359,1358,1357,1362,1368,1369,1369,1375,1386,1397,1410,1416,1418,1408,1393,1381,1374,1378,1381,1388,1393,1400,1406,1410,1408,1401,1389,1379,1374,1377,1384,1385,1391,1398,1410,1415,1414,1410,1407,1406,1405,1404,1406,1413,1423,1430,1434,1436,1433,1428
"District of Columbia","State","1br",1398,1394,1396,1404,1414,1419,1427,1424,1422,1411,1404,1403,1397,1399,1402,1410,1414,1417,1421,1427,1428,1427,1426,1431,1437,1438,1438,1445,1456,1468,1482,1488,1490,1480,1464,1451,1443,1448,1451,1458,1463,1471,1477,1481,1480,1472,1459,1448,1444,1446,1454,1455,1462,1469,1481,1487,1485,1482,1478,1477,1476,1475,1477,1484,1495,1503,1507,1508,1506,1501
"District of Columbia","State","2br",1613,1609,1611,1620,1632,1638,1646,1643,1641,1629,1621,1619,1612,1614,1618,1627,1631,1635,1640,1647,1648,1646,1646,1652,1659,1660,1660,1667,1681,1694,1710,1717,1719,1707,1689,1675,1666,1671,1674,1682,1689,1698,1705,1709,1707,1698,1684,1672,1666,1669,1678,1680,1687,1695,1709,1716,1714,1710,1706,1704,1703,1702,1704,1713,1725,1734,1739,1741,1738,1732
"District of Columbia","State","3br",2125,2119,2122,2134,2149,2158,2169,2165,2162,2145,2135,2133,2124,2126,2131,2144,2149,2153,2161,2170,2170,2169,2168,2176,2185,2186,2187,2196,2214,2232,2252,2262,2264,2249,2225,2206,2194,2201,2205,2216,2224,2236,2246,2252,2249,2237,2218,2202,2195,2199,2210,2212,2222,2233,2252,2260,2258,2253,2247,2245,2244,2243,2245,2257,2272,2284,2291,2293,2289,2281
"District of Columbia","State","4br",2638,2631,2634,2649,2668,2678,2692,2687,2684,2663,2650,2647,2636,2639,2645,2661,2668,2673,2682,2694,2694,2692,2691,2701,2712,2714,2714,2726,2748,2771,2796,2808,2811,2792,2762,2739,2724,2732,2737,2751,2761,2776,2788,2795,2792,2777,2753,2733,2725,2729,2744,2746,2759,2772,2795,2805,2803,2796,2789,2787,2785,2784,2787,2801,2821,2836,2843,2846,2842,2832
"Florida","State","Studio",715,718,720,724,727,729,733,736,738,739,741,743,745,747,750,754,760,764,771,775,777,779,782,783,783,783,785,785,787,787,788,788,789,790,791,791,792,795,799,806,808,811,814,816,817,818,818,820,820,821,822,824,828,832,830,829,828,831,834,836,834,833,831,836,840,844,843,841,839,842
"Florida","State","1br",830,833,836,840,843,847,851,854,856,857,860,863,865,867,870,875,882,887,894,899,902,905,908,909,909,909,911,911,913,913,914,914,916,917,918,918,919,922,928,936,938,941,945,947,948,949,950,951,952,952,954,957,961,965,964,962,961,965,968,970,968,967,965,970,975,979,978,976,973,977
"Florida","State","2br",1034,1039,1043,1047,1052,1056,1061,1065,1067,1069,1072,1076,1078,1082,1085,1091,1100,1106,1115,1121,1125,1128,1132,1134,1133,1134,1135,1136,1139,1138,1140,1140,1142,1143,1144,1145,1145,1150,1157,1167,1170,1174,1178,1181,1182,1183,1184,1186,1187,1187,1189,1193,1198,1203,1202,1200,1198,1203,1206,1209,1207,1205,1203,1209,1215,1221,1220,1217,1214,1219
"Florida","State","3br",1401,1408,1412,1418,1424,1430,1437,1442,1446,1448,1453,1457,1461,1465,1469,1478,1490,1498,1511,1518,1524,1528,1534,1536,1535,1536,1538,1539,1543,1542,1544,1544,1547,1549,1550,1550,1552,1558,1567,1580,1585,1590,1595,1599,1601,1602,1604,1607,1608,1608,1611,1616,1623,1630,1628,1626,1623,1630,1634,1638,1636,1633,1629,1638,1646,1654,1652,1649,1644,1651
"Florida","State","4br",1682,1690,1696,1703,1710,1717,1726,1731,1736,1739,1744,1750,1754,1759,1764,1774,1789,1799,1814,1823,1829,1834,1841,1844,1843,1844,1847,1848,1852,1851,1854,1854,1857,1859,1861,1861,1863,1870,1881,1897,1903,1909,1915,1920,1922,1924,1926,1929,1931,1931,1934,1940,1949,1957,1954,1952,1949,1957,1962,1967,1964,1960,1956,1967,1977,1986,1984,1980,1974,1982
"Georgia","State","Studio",678,680,683,687,692,696,702,706,710,712,715,716,717,718,722,728,734,738,743,746,747,748,749,752,753,755,756,762,767,771,774,777,779,779,778,777,777,780,785,789,792,796,801,804,805,805,804,803,802,804,806,807,810,813,816,818,818,819,819,819,820,822,825,827,829,831,833,835,835,835
"Georgia","State","1br",717,720,723,728,732,736,743,748,752,754,757,758,759,760,764,771,777,781,786,790,791,791,793,796,798,799,801,807,812,816,820,822,825,825,824,823,822,826,831,836,839,843,848,851,852,853,852,850,850,851,853,855,858,861,864,866,866,867,867,868,868,870,873,876,878,880,882,884,884,884
"Georgia","State","2br",846,849,853,858,864,869,876,882,887,889,893,895,895,897,901,909,916,921,927,931,933,934,936,939,941,943,945,952,958,962,967,970,973,973,972,970,970,974,980,986,989,994,1000,1004,1005,1006,1005,1003,1002,1003,1006,1008,1012,1015,1019,1021,1022,1023,1023,1023,1024,1027,1030,1033,1035,1038,1040,1042,1042,1043
"Georgia","State","3br",1123,1127,1132,1139,1146,1153,1163,1171,1177,1180,1185,1188,1189,1190,1197,1207,1216,1223,1231,1236,1239,1239,1242,1246,1249,1252,1254,1264,1272,1277,1284,1288,1291,1292,1290,1288,1288,1294,1301,1308,1313,1320,1327,1332,1335,1335,1334,1331,1330,1332,1336,1339,1343,1348,1353,1356,1357,1358,1358,1358,1360,1363,1367,1372,1375,1378,1381,1384,1384,1384
"Georgia","State","4br",1364,1369,1375,1384,1393,1401,1413,1423,1430,1434,1439,1443,1444,1446,1453,1466,1477,1486,1495,1502,1504,1505,1509,1514,1517,1520,1523,1535,1545,1552,1560,1564,1568,1569,1567,1564,1564,1571,1580,1589,1595,1604,1612,1618,1621,1622,1620,1617,1616,1618,1623,1626,1632,1637,1643,1647,1648,1650,1649,1650,1652,1656,1661,1666,1670,1674,1678,1681,1681,1682
"Idaho","State","Studio",498,498,499,500,502,504,507,509,509,510,512,513,513,514,515,516,517,517,520,520,520,519,520,521,519,520,519,524,527,530,533,535,536,536,536,536,536,537,541,547,551,554,557,558,558,558,560,562,561,559,559,562,566,569,567,566,564,567,569,571,569,568,566,569,572,576,575,573,572,575
"Idaho","State","1br",567,567,569,569,571,574,578,579,580,581,583,584,584,585,586,588,589,589,592,592,592,591,592,594,591,592,590,596,600,603,607,609,610,611,610,610,610,612,617,623,627,631,634,635,636,636,637,640,639,637,637,640,644,648,646,644,643,646,648,650,648,646,644,648,651,655,654,653,651,654
"Idaho","State","2br",734,734,736,737,739,742,747,749,750,751,754,755,756,757,759,761,762,762,766,766,767,765,766,768,765,766,764,771,777,781,786,788,790,790,790,789,789,792,798,806,811,816,820,822,823,823,824,828,827,824,824,828,833,838,836,834,832,836,839,841,839,836,833,838,843,848,847,845,842,847
"Idaho","State","3br",1032,1032,1034,1035,1039,1043,1050,1053,1055,1056,1059,1062,1062,1064,1066,1069,1071,1071,1077,1077,1077,1075,1076,1080,1075,1077,1074,1084,1092,1097,1104,1107,1110,1110,1110,1109,1109,1113,1121,1132,1140,1147,1152,1155,1156,1156,1159,1164,1162,1158,1158,1164,1171,1178,1175,1172,1169,1175,1179,1182,1179,1175,1171,1178,1185,1192,1190,1187,1184,1190
"Idaho","State","4br",1254,1255,1257,1258,1263,1268,1277,1280,1282,1284,1288,1291,1291,1294,1296,1300,1302,1302,1309,1309,1310,1306,1308,1313,1307,1309,1305,1318,1327,1334,1342,1346,1349,1350,1349,1348,1349,1353,1363,1376,1386,1395,1401,1405,1406,1405,1408,1415,1413,1408,1408,1415,1424,1432,1428,1424,1421,1428,1433,1437,1433,1429,1424,1432,1440,1449,1447,1443,1439,1446
"Illinois","State","Studio",729,731,734,737,740,742,746,748,748,747,746,744,744,745,748,752,756,762,769,773,772,771,770,767,764,762,764,764,766,766,770,773,776,774,771,769,768,771,775,780,784,789,791,790,786,781,777,776,777,777,778,779,781,783,784,784,783,783,783,783,782,782,782,785,789,792,792,792,790,789
"Illinois","State","1br",841,843,846,850,853,856,860,862,862,861,860,858,857,859,862,867,872,878,886,891,890,889,888,885,881,879,881,881,883,883,888,891,895,892,889,886,886,889,893,900,904,909,912,911,906,900,896,895,895,896,897,898,901,903,904,903,902,902,903,903,902,901,901,906,910,913,914,913,911,910
"Illinois","State","2br",1009,1011,1015,1019,1023,1027,1031,1034,1034,1033,1031,1029,1028,1030,1034,1039,1046,1053,1063,1069,1068,1066,1066,1061,1057,1054,1057,1057,1059,1059,1065,1069,1073,1070,1066,1063,1062,1066,1072,1079,1085,1091,1094,1093,1087,1080,1075,1073,1074,1074,1076,1077,1081,1083,1084,1084,1083,1082,1083,1083,1082,1081,1081,1086,1091,1096,1096,1095,1092,1091
"Illinois","State","3br",1298,1301,1306,1312,1316,1321,1327,1331,1331,1329,1327,1325,1323,1326,1331,1338,1346,1356,1368,1375,1374,1372,1371,1366,1360,1357,1361,1360,1363,1363,1371,1375,1381,1377,1372,1368,1367,1372,1379,1389,1396,1403,1408,1406,1399,1390,1383,1381,1382,1383,1385,1386,1391,1394,1395,1395,1393,1393,1393,1394,1392,1391,1392,1398,1404,1410,1410,1409,1406,1405
"Illinois","State","4br",1536,1540,1546,1553,1558,1564,1571,1575,1575,1573,1570,1568,1566,1569,1575,1583,1593,1604,1620,1628,1626,1624,1623,1617,1610,1606,1610,1610,1613,1614,1622,1628,1634,1630,1624,1619,1618,1623,1632,1644,1652,1661,1666,1665,1656,1645,1637,1634,1636,1636,1639,1641,1646,1650,1651,1651,1649,1649,1649,1650,1648,1647,1647,1655,1662,1669,1669,1667,1664,1662
"Indiana","State","Studio",528,528,529,531,532,533,535,535,534,533,534,534,534,533,532,532,532,531,533,534,535,534,535,536,536,536,535,538,540,541,542,543,543,543,543,543,543,544,546,549,550,552,553,553,553,553,553,554,554,554,555,556,557,558,559,559,558,559,559,560,560,560,560,562,563,565,566,566,565,566
"Indiana","State","1br",614,615,616,618,619,620,622,622,622,621,621,622,621,621,619,619,619,618,620,622,622,622,622,624,624,623,623,626,628,629,631,631,632,632,632,632,632,633,635,638,640,642,644,644,644,643,644,645,645,645,646,647,648,650,650,650,650,650,651,651,651,651,652,653,656,658,659,659,658,658
"Indiana","State","2br",772,773,774,776,778,780,782,782,781,780,781,782,781,780,779,779,777,777,780,781,782,782,782,784,784,783,783,787,790,791,793,794,794,795,795,795,795,796,799,802,805,807,809,809,809,809,809,810,811,811,812,813,815,817,817,817,816,817,818,818,818,818,819,821,824,827,828,828,827,827
"Indiana","State","3br",1015,1016,1018,1021,1023,1025,1028,1028,1027,1026,1027,1028,1027,1026,1024,1024,1022,1022,1025,1027,1028,1028,1029,1031,1031,1030,1030,1035,1039,1040,1043,1044,1045,1045,1045,1045,1045,1047,1050,1055,1058,1061,1064,1064,1064,1063,1064,1065,1066,1066,1067,1069,1072,1074,1075,1074,1074,1074,1075,1076,1076,1076,1077,1080,1084,1087,1089,1089,1088,1088
"Indiana","State","4br",1146,1148,1151,1153,1156,1158,1162,1162,1161,1159,1160,1161,1160,1159,1157,1157,1155,1155,1158,1161,1162,1161,1162,1165,1164,1164,1163,1169,1173,1175,1178,1179,1180,1180,1181,1181,1181,1183,1187,1192,1195,1199,1202,1202,1202,1201,1202,1204,1204,1204,1206,1208,1211,1213,1214,1214,1213,1214,1215,1216,1216,1216,1217,1220,1224,1228,1230,1230,1229,1229
"Iowa","State","Studio",497,498,499,501,502,503,504,506,507,506,505,505,505,505,506,508,510,511,514,518,516,510,508,507,510,514,517,518,518,516,514,512,511,511,512,513,512,512,514,518,519,520,519,519,519,518,517,517,517,516,517,518,520,521,519,518,516,517,518,520,519,517,516,518,520,522,520,519,517,520
"Iowa","State","1br",576,577,579,581,582,583,585,587,587,586,585,585,585,586,587,589,591,592,596,600,598,591,588,587,591,595,599,600,600,598,596,593,592,592,593,594,594,594,596,600,602,603,602,602,601,600,600,600,600,599,599,601,603,604,602,600,598,600,601,602,601,600,598,601,603,605,603,602,600,602
"Iowa","State","2br",737,738,740,743,744,745,748,750,751,749,748,748,748,749,751,753,756,758,762,768,765,756,752,751,756,761,766,767,768,764,762,759,758,757,759,760,760,760,762,768,770,771,770,770,769,768,767,767,767,766,766,768,771,773,770,767,765,767,769,770,769,767,765,768,771,773,771,769,767,770
"Iowa","State","3br",989,990,993,997,999,1000,1004,1007,1008,1006,1004,1004,1004,1006,1008,1011,1014,1017,1023,1031,1027,1015,1010,1008,1014,1022,1029,1030,1030,1026,1023,1018,1017,1016,1019,1020,1019,1020,1023,1030,1033,1035,1033,1033,1032,1030,1029,1030,1030,1027,1029,1031,1035,1037,1033,1030,1027,1029,1031,1034,1032,1029,1026,1031,1035,1038,1035,1033,1029,1034
"Iowa","State","4br",1106,1108,1111,1115,1117,1119,1123,1127,1128,1125,1124,1123,1124,1125,1127,1131,1135,1138,1145,1153,1149,1136,1130,1128,1135,1143,1151,1152,1153,1148,1144,1139,1138,1137,1140,1141,1141,1141,1144,1153,1156,1157,1156,1156,1154,1153,1152,1152,1152,1150,1151,1154,1158,1161,1156,1152,1149,1152,1154,1157,1154,1152,1148,1153,1157,1161,1158,1155,1152,1157
"Kansas","State","Studio",518,519,519,521,523,526,528,529,530,530,530,530,530,530,532,533,535,536,539,540,539,537,536,538,538,539,538,542,545,547,548,548,548,547,547,547,547,549,551,554,555,557,558,559,558,558,557,556,557,558,558,559,561,563,562,561,560,561,562,563,562,561,561,564,566,568,568,568,566,567
"Kansas","State","1br",607,608,609,611,613,616,619,621,621,621,621,621,621,622,623,625,627,629,632,633,631,629,628,631,631,631,631,635,639,641,643,643,642,641,641,641,642,643,645,649,651,653,654,655,654,653,652,652,653,654,655,656,658,660,659,658,656,657,659,660,659,658,657,661,663,666,666,666,664,665
"Kansas","State","2br",778,779,781,783,786,790,794,796,797,796,796,796,796,797,799,802,804,806,810,812,809,806,805,809,809,810,809,814,819,822,824,824,823,822,822,822,823,825,828,832,835,837,839,840,839,838,836,836,837,838,839,841,843,846,845,844,842,843,845,846,845,844,843,847,850,854,854,853,851,852
"Kansas","State","3br",1055,1056,1058,1062,1066,1071,1076,1079,1080,1080,1079,1079,1079,1081,1083,1087,1090,1093,1098,1101,1097,1093,1092,1097,1097,1097,1096,1103,1110,1115,1118,1117,1116,1115,1114,1114,1115,1118,1122,1128,1131,1135,1137,1139,1138,1136,1134,1134,1134,1136,1138,1140,1143,1147,1146,1144,1141,1143,1145,1147,1145,1144,1143,1148,1153,1158,1158,1157,1154,1155
"Kansas","State","4br",1217,1218,1220,1224,1229,1235,1240,1244,1245,1245,1245,1244,1245,1246,1249,1253,1257,1260,1266,1269,1265,1260,1259,1264,1265,1265,1264,1272,1280,1285,1289,1288,1287,1285,1285,1285,1286,1289,1294,1300,1304,1309,1311,1313,1312,1310,1307,1307,1308,1310,1312,1314,1318,1322,1321,1319,1316,1317,1320,1322,1321,1319,1317,1324,1329,1335,1335,1334,1330,1332
"Kentucky","State","Studio",495,495,496,498,500,501,503,503,503,501,501,501,501,503,504,507,510,512,515,518,517,516,516,517,515,515,515,519,522,525,526,526,525,525,526,527,530,533,536,538,539,541,541,540,537,534,534,532,532,532,534,533,534,534,536,537,537,536,535,535,536,537,539,539,539,540,541,543,543,541
"Kentucky","State","1br",556,556,557,559,561,563,565,565,564,563,562,562,563,564,566,569,573,575,578,581,581,580,579,580,578,578,578,583,586,589,591,591,590,589,590,592,595,598,602,603,605,607,608,606,603,600,599,598,597,598,599,599,599,599,602,603,603,602,601,600,601,603,605,605,605,606,608,609,609,607
"Kentucky","State","2br",707,708,709,711,714,716,719,719,718,716,715,715,716,718,720,724,729,732,736,740,739,738,737,738,736,736,736,741,745,749,752,751,750,749,751,753,757,761,766,768,770,773,773,771,767,764,763,760,759,761,762,762,762,763,765,767,767,766,765,764,765,767,770,770,770,771,773,775,775,772
"Kentucky","State","3br",964,965,967,969,973,976,980,980,979,976,975,975,976,979,982,987,993,998,1003,1008,1007,1006,1005,1006,1003,1003,1003,1011,1016,1021,1025,1024,1023,1022,1024,1026,1033,1038,1044,1047,1049,1053,1054,1051,1045,1041,1040,1037,1035,1037,1039,1039,1039,1039,1043,1045,1046,1044,1042,1041,1043,1046,1049,1050,1050,1051,1054,1057,1057,1053
"Kentucky","State","4br",1110,1111,1113,1117,1121,1124,1128,1129,1127,1124,1123,1123,1125,1128,1131,1137,1144,1149,1155,1161,1160,1158,1158,1159,1155,1156,1155,1164,1170,1177,1180,1180,1178,1177,1179,1182,1189,1196,1202,1206,1209,1213,1214,1211,1204,1199,1198,1194,1192,1194,1197,1196,1197,1197,1202,1204,1205,1202,1201,1200,1202,1204,1208,1209,1209,1211,1214,1217,1218,1212
"Louisiana","State","Studio",586,588,589,590,591,592,594,596,596,597,597,597,597,598,597,597,596,595,596,595,592,590,591,595,592,587,582,585,587,589,590,591,592,592,592,592,592,593,594,597,600,603,604,605,606,605,601,598,596,598,600,599,599,598,601,602,602,600,598,598,598,599,599,599,598,598,600,600,600,596
"Louisiana","State","1br",675,676,677,679,680,681,683,685,686,686,687,687,687,687,687,687,686,685,686,684,681,679,680,684,681,675,670,673,676,678,679,680,681,681,681,681,681,682,684,687,690,693,695,696,697,696,692,688,685,688,690,689,689,688,691,692,693,690,688,687,688,689,690,689,688,688,690,691,690,686
"Louisiana","State","2br",819,821,823,824,825,827,829,832,833,833,834,834,834,835,835,834,832,832,833,831,827,824,826,831,827,820,814,818,820,823,825,826,827,827,827,827,827,828,830,834,838,842,844,845,846,845,840,835,832,836,838,837,837,835,839,840,841,838,836,835,836,836,837,836,836,836,838,839,838,832
"Louisiana","State","3br",1060,1062,1064,1066,1068,1070,1073,1077,1078,1078,1079,1079,1079,1080,1080,1079,1077,1076,1078,1075,1070,1067,1068,1075,1070,1061,1053,1058,1061,1065,1067,1069,1070,1069,1070,1070,1070,1071,1074,1079,1084,1089,1092,1094,1095,1093,1087,1081,1077,1082,1085,1083,1083,1081,1086,1087,1088,1084,1082,1080,1081,1082,1084,1082,1081,1081,1084,1085,1085,1077
"Louisiana","State","4br",1240,1243,1245,1248,1249,1252,1255,1260,1261,1261,1262,1263,1263,1264,1263,1262,1260,1259,1261,1257,1252,1248,1250,1257,1252,1242,1232,1238,1242,1246,1248,1251,1252,1251,1252,1252,1252,1253,1257,1263,1269,1274,1277,1280,1281,1279,1272,1264,1260,1266,1269,1267,1267,1264,1270,1272,1273,1268,1265,1264,1265,1266,1268,1266,1265,1265,1268,1269,1269,1260
"Maine","State","Studio",639,642,647,653,660,664,668,670,671,671,670,669,665,664,664,665,667,669,674,675,673,671,668,666,660,660,659,668,676,677,684,685,687,684,679,681,682,681,684,689,693,691,690,690,690,694,698,700,698,687,686,691,696,701,696,694,692,696,699,702,698,693,687,694,701,707,703,699,696,698
"Maine","State","1br",702,705,710,717,725,729,733,735,736,736,735,734,730,729,729,730,732,735,740,741,739,737,734,731,725,724,723,733,742,743,751,752,754,750,745,747,748,748,751,756,761,759,757,758,758,762,766,768,766,754,753,758,764,769,764,762,759,764,767,770,766,761,755,762,770,776,772,767,764,767
"Maine","State","2br",872,876,882,891,900,906,910,914,915,915,914,912,907,906,906,906,909,913,919,921,918,915,911,908,901,900,898,911,922,923,933,934,937,932,926,928,930,929,933,939,945,942,941,941,941,947,952,954,952,937,935,942,949,956,949,946,943,950,953,957,952,946,938,947,956,964,959,953,949,953
"Maine","State","3br",1148,1153,1162,1173,1185,1192,1199,1203,1204,1205,1203,1201,1195,1192,1192,1193,1197,1202,1211,1213,1209,1205,1200,1195,1186,1185,1183,1199,1214,1215,1228,1230,1234,1227,1219,1222,1224,1223,1228,1236,1245,1241,1239,1240,1239,1247,1253,1257,1254,1234,1232,1240,1250,1259,1250,1246,1242,1250,1255,1260,1253,1245,1234,1247,1259,1269,1262,1255,1250,1254
"Maine","State","4br",1283,1289,1298,1311,1324,1332,1339,1344,1346,1346,1344,1342,1335,1332,1332,1333,1337,1343,1353,1355,1351,1347,1341,1336,1325,1324,1322,1340,1357,1358,1372,1374,1379,1371,1362,1366,1368,1367,1372,1382,1391,1387,1384,1385,1385,1393,1400,1404,1401,1378,1376,1385,1397,1406,1397,1392,1388,1397,1403,1408,1400,1391,1379,1393,1407,1418,1410,1403,1397,1401
"Maryland","State","Studio",1012,1016,1019,1023,1027,1030,1034,1035,1035,1035,1035,1035,1036,1038,1043,1050,1060,1063,1065,1066,1065,1065,1063,1063,1064,1068,1072,1077,1082,1085,1086,1086,1084,1082,1079,1077,1078,1080,1085,1091,1096,1101,1105,1104,1100,1096,1094,1091,1089,1088,1093,1097,1103,1108,1110,1108,1107,1107,1108,1109,1110,1111,1113,1119,1125,1131,1134,1133,1131,1125
"Maryland","State","1br",1137,1140,1144,1148,1153,1157,1161,1162,1162,1162,1162,1162,1163,1166,1171,1179,1190,1193,1196,1197,1196,1196,1193,1193,1195,1199,1203,1209,1214,1218,1219,1219,1218,1214,1212,1209,1210,1213,1218,1224,1231,1236,1240,1239,1235,1231,1229,1225,1223,1222,1227,1231,1239,1244,1246,1244,1242,1243,1244,1246,1246,1247,1249,1256,1263,1270,1273,1272,1269,1262
"Maryland","State","2br",1369,1374,1378,1383,1389,1393,1398,1400,1400,1400,1399,1400,1401,1404,1411,1421,1433,1438,1441,1442,1441,1440,1438,1438,1440,1444,1450,1456,1463,1467,1469,1469,1467,1463,1460,1457,1458,1461,1468,1475,1483,1490,1494,1493,1488,1483,1480,1476,1473,1472,1478,1483,1492,1499,1501,1499,1497,1497,1498,1501,1501,1503,1505,1513,1522,1530,1534,1533,1529,1521
"Maryland","State","3br",1785,1791,1796,1803,1810,1816,1823,1825,1825,1824,1824,1825,1827,1831,1839,1852,1869,1874,1878,1879,1878,1878,1874,1874,1877,1882,1890,1899,1907,1913,1915,1915,1912,1907,1903,1899,1901,1905,1914,1923,1933,1942,1948,1946,1939,1933,1930,1924,1920,1919,1927,1934,1945,1954,1957,1954,1951,1951,1953,1956,1957,1959,1962,1972,1984,1995,1999,1998,1994,1983
"Maryland","State","4br",2161,2168,2174,2182,2191,2199,2207,2209,2210,2208,2208,2210,2211,2216,2226,2242,2262,2268,2274,2275,2273,2273,2269,2268,2272,2279,2288,2298,2309,2315,2318,2317,2314,2309,2304,2298,2301,2306,2316,2328,2340,2351,2358,2355,2347,2340,2336,2329,2324,2323,2332,2341,2355,2365,2368,2365,2362,2362,2364,2368,2368,2371,2375,2387,2402,2414,2420,2418,2413,2400
"Massachusetts","State","Studio",985,986,990,996,1002,1010,1022,1033,1030,1024,1019,1017,1015,1016,1020,1029,1039,1046,1051,1054,1055,1054,1054,1052,1051,1051,1054,1061,1066,1068,1078,1086,1099,1093,1082,1071,1067,1070,1079,1093,1108,1120,1125,1126,1120,1110,1097,1090,1089,1099,1108,1114,1121,1126,1131,1132,1131,1129,1128,1128,1126,1126,1127,1136,1146,1157,1161,1160,1155,1155
"Massachusetts","State","1br",1128,1129,1134,1141,1147,1157,1170,1183,1180,1173,1167,1164,1162,1164,1169,1179,1190,1197,1204,1207,1208,1207,1207,1205,1203,1203,1207,1215,1221,1224,1234,1244,1259,1251,1239,1227,1222,1225,1236,1252,1269,1282,1289,1290,1283,1271,1256,1248,1247,1259,1269,1276,1284,1290,1295,1297,1295,1293,1292,1291,1290,1289,1291,1301,1313,1325,1329,1328,1322,1322
"Massachusetts","State","2br",1402,1404,1409,1418,1426,1438,1454,1470,1466,1458,1451,1447,1445,1447,1453,1465,1480,1488,1496,1500,1502,1501,1500,1497,1496,1495,1500,1510,1518,1521,1534,1546,1565,1555,1540,1525,1519,1522,1536,1556,1577,1594,1602,1603,1595,1579,1561,1551,1550,1565,1577,1586,1596,1603,1610,1611,1610,1607,1605,1605,1603,1603,1604,1617,1632,1647,1652,1651,1644,1644
"Massachusetts","State","3br",1760,1762,1770,1780,1790,1805,1826,1845,1841,1831,1821,1817,1814,1816,1824,1840,1858,1869,1879,1883,1885,1884,1883,1880,1878,1877,1884,1896,1906,1909,1926,1941,1964,1953,1933,1915,1907,1911,1928,1953,1980,2001,2011,2013,2002,1983,1960,1948,1946,1964,1980,1991,2004,2013,2021,2023,2021,2018,2016,2015,2013,2012,2014,2030,2048,2068,2074,2073,2063,2064
"Massachusetts","State","4br",1956,1959,1967,1979,1990,2007,2030,2051,2046,2035,2025,2020,2016,2019,2027,2045,2065,2077,2089,2093,2096,2095,2094,2090,2087,2087,2094,2108,2119,2123,2141,2158,2184,2171,2149,2128,2119,2125,2144,2171,2201,2225,2235,2238,2226,2204,2179,2165,2164,2184,2201,2214,2228,2238,2247,2249,2247,2243,2241,2240,2238,2237,2239,2257,2277,2298,2306,2304,2294,2294
"Michigan","State","Studio",549,550,551,553,555,556,558,558,558,558,559,560,560,560,561,562,564,566,568,568,569,570,571,573,573,574,574,576,578,579,581,582,584,585,585,585,586,587,589,592,594,595,596,597,598,599,599,600,600,599,600,600,602,604,604,603,603,604,605,605,604,604,604,605,607,609,609,608,608,609
"Michigan","State","1br",650,651,653,655,657,658,661,661,662,661,663,664,663,664,665,666,669,670,673,673,674,675,677,678,679,679,680,683,685,686,688,690,691,692,693,693,694,696,698,701,703,705,706,707,708,709,710,710,711,710,710,711,713,715,715,715,714,715,716,717,716,715,715,717,719,721,721,721,720,721
"Michigan","State","2br",832,833,835,838,840,842,846,846,846,846,848,849,849,849,850,852,855,857,860,861,862,863,866,868,868,869,871,874,877,878,881,882,884,886,887,887,888,890,893,897,900,902,903,905,906,907,908,909,909,908,909,910,913,915,915,915,914,915,916,917,916,915,915,918,920,923,923,922,921,923
"Michigan","State","3br",1114,1117,1119,1122,1126,1129,1134,1133,1134,1134,1136,1137,1137,1138,1139,1142,1146,1149,1153,1154,1155,1157,1160,1163,1163,1165,1166,1170,1175,1177,1180,1182,1185,1187,1188,1189,1190,1192,1196,1201,1205,1209,1210,1212,1213,1216,1216,1217,1218,1217,1217,1219,1223,1226,1226,1225,1225,1226,1228,1228,1227,1226,1226,1230,1233,1237,1236,1236,1234,1237
"Michigan","State","4br",1226,1229,1231,1235,1239,1242,1247,1247,1248,1247,1250,1252,1252,1252,1254,1257,1261,1264,1269,1270,1271,1273,1276,1280,1280,1282,1284,1288,1292,1295,1299,1301,1304,1306,1307,1308,1309,1312,1317,1322,1326,1330,1332,1334,1335,1338,1339,1340,1340,1339,1340,1342,1345,1349,1349,1348,1348,1349,1351,1352,1350,1349,1349,1353,1357,1361,1361,1360,1358,1361
"Minnesota","State","Studio",608,609,610,612,614,616,619,621,621,622,623,624,624,625,629,632,635,637,639,641,643,643,643,642,642,644,648,653,658,661,664,664,664,663,663,663,663,667,672,678,681,683,686,688,687,685,683,684,686,688,690,691,694,696,696,696,696,696,696,697,697,697,698,701,704,706,707,707,706,707
"Minnesota","State","1br",738,739,741,743,746,748,751,753,754,755,756,757,758,759,763,768,771,773,776,779,780,781,780,779,779,782,787,793,798,802,806,806,806,805,805,805,805,810,816,823,826,829,833,835,835,832,830,830,833,836,838,840,843,845,845,845,845,845,845,846,846,846,848,851,854,857,859,859,858,858
"Minnesota","State","2br",938,940,942,945,948,951,955,958,959,960,962,963,963,965,970,976,980,983,987,990,992,992,992,991,991,994,1000,1008,1015,1020,1024,1025,1024,1024,1023,1023,1024,1030,1038,1046,1051,1054,1058,1061,1061,1057,1055,1056,1059,1062,1065,1067,1071,1074,1075,1074,1074,1074,1075,1075,1075,1076,1078,1081,1086,1090,1092,1092,1090,1091
"Minnesota","State","3br",1302,1305,1308,1312,1316,1321,1326,1330,1331,1333,1335,1337,1337,1340,1347,1355,1361,1364,1370,1374,1377,1378,1377,1375,1375,1380,1388,1399,1409,1416,1422,1422,1422,1421,1420,1420,1421,1430,1441,1453,1459,1463,1469,1473,1473,1468,1464,1465,1470,1475,1479,1482,1487,1491,1492,1491,1490,1492,1492,1493,1493,1494,1496,1501,1508,1513,1516,1515,1513,1515
"Minnesota","State","4br",1524,1527,1530,1535,1540,1546,1552,1556,1558,1560,1562,1564,1565,1568,1576,1585,1593,1597,1603,1608,1612,1612,1612,1610,1609,1615,1625,1638,1649,1657,1664,1665,1664,1663,1662,1662,1663,1673,1686,1700,1707,1712,1720,1724,1724,1718,1714,1715,1720,1726,1730,1734,1741,1745,1746,1745,1744,1746,1746,1747,1747,1748,1751,1757,1765,1771,1774,1774,1771,1773
"Mississippi","State","Studio",544,545,545,546,548,549,550,550,550,551,551,552,552,553,553,554,554,554,553,554,555,556,557,557,555,556,557,560,562,562,562,560,558,558,558,559,558,560,562,564,566,567,568,566,567,569,573,573,572,571,572,575,578,580,578,577,576,578,580,581,580,579,577,579,582,585,584,583,582,580
"Mississippi","State","1br",618,619,619,620,622,624,625,625,625,626,626,627,627,628,628,630,629,629,629,629,630,632,633,633,631,631,633,636,638,638,638,636,634,634,634,635,634,636,638,641,643,645,645,643,644,647,651,651,650,649,650,653,657,659,657,655,654,657,659,660,659,657,656,658,662,664,664,663,662,659
"Mississippi","State","2br",754,754,755,756,758,760,761,762,762,763,763,764,764,765,766,767,767,767,766,767,768,770,771,771,769,769,771,775,778,778,778,776,773,772,773,774,773,775,778,781,784,786,786,783,785,788,793,793,793,791,792,796,801,803,800,798,797,801,803,804,803,801,799,802,806,810,809,808,806,804
"Mississippi","State","3br",995,996,996,998,1001,1003,1005,1006,1006,1007,1008,1009,1009,1011,1011,1013,1013,1013,1012,1013,1014,1017,1018,1018,1015,1016,1018,1023,1027,1027,1027,1024,1021,1020,1020,1021,1020,1023,1027,1031,1035,1037,1038,1034,1036,1041,1047,1048,1046,1044,1046,1051,1057,1060,1056,1054,1053,1057,1060,1062,1060,1058,1055,1059,1065,1069,1068,1066,1065,1061
"Mississippi","State","4br",1126,1126,1127,1129,1132,1135,1137,1138,1138,1139,1140,1141,1141,1143,1143,1146,1145,1145,1144,1146,1147,1150,1152,1152,1148,1149,1152,1157,1161,1161,1162,1158,1154,1153,1154,1155,1154,1157,1162,1166,1170,1173,1174,1170,1171,1177,1184,1185,1183,1181,1183,1189,1196,1199,1195,1192,1191,1196,1198,1201,1199,1196,1194,1198,1204,1209,1208,1206,1204,1200
"Missouri","State","Studio",534,535,536,538,539,541,543,544,544,544,544,545,545,546,546,547,549,551,553,553,554,554,555,555,555,556,559,559,559,559,559,560,563,567,570,569,566,563,564,566,568,571,571,570,569,568,569,569,569,568,568,569,570,572,571,570,569,570,571,571,571,570,569,571,573,575,575,574,573,574
"Missouri","State","1br",615,616,618,620,622,623,626,627,627,627,628,628,628,629,630,631,633,635,638,638,638,638,640,640,640,641,644,644,644,644,645,646,649,654,657,656,653,649,650,653,655,658,658,657,656,655,656,656,656,655,655,656,658,659,658,657,656,657,658,659,658,657,656,659,661,663,663,662,661,662
"Missouri","State","2br",787,788,790,793,795,797,800,802,802,802,803,804,804,805,805,807,810,812,816,816,817,817,818,818,818,820,824,824,824,824,825,826,831,836,841,839,835,831,832,835,838,841,842,841,839,838,839,839,840,837,838,839,841,843,841,840,839,841,842,843,841,840,839,843,846,848,848,847,846,846
"Missouri","State","3br",1063,1065,1067,1071,1074,1077,1081,1083,1084,1084,1084,1085,1086,1087,1088,1090,1094,1097,1102,1102,1103,1103,1105,1105,1105,1108,1113,1113,1113,1113,1114,1116,1122,1129,1136,1133,1127,1122,1124,1127,1132,1136,1137,1136,1133,1132,1133,1133,1134,1131,1131,1133,1136,1138,1136,1135,1134,1135,1137,1138,1136,1135,1134,1138,1142,1146,1145,1144,1142,1143
"Missouri","State","4br",1219,1221,1224,1228,1232,1235,1240,1243,1243,1243,1244,1245,1246,1247,1248,1251,1255,1258,1264,1264,1265,1265,1268,1268,1268,1271,1276,1276,1277,1276,1278,1280,1287,1295,1303,1300,1293,1287,1289,1293,1299,1304,1304,1303,1300,1298,1299,1300,1301,1298,1298,1300,1303,1306,1304,1302,1300,1303,1304,1305,1304,1302,1301,1306,1310,1315,1314,1313,1310,1311
"Montana","State","Studio",530,529,528,528,531,533,536,538,538,538,538,538,537,535,534,534,534,534,535,535,535,534,534,534,530,526,525,530,536,541,543,544,542,541,540,539,539,541,543,547,551,554,555,555,554,554,553,552,551,553,553,552,551,550,552,554,555,553,551,550,551,553,555,554,554,554,557,559,560,560
"Montana","State","1br",591,589,588,588,592,594,598,599,599,600,600,600,598,597,596,595,595,595,596,597,596,595,595,596,591,586,585,591,597,603,606,606,604,604,602,601,601,603,606,610,614,618,619,619,618,618,616,615,615,616,616,615,614,613,615,617,618,616,614,613,614,616,618,618,618,618,621,623,624,625
"Montana","State","2br",750,748,747,747,751,754,759,761,761,761,761,762,760,758,756,756,756,755,757,757,757,756,756,756,750,744,743,750,759,766,769,769,767,766,765,763,763,766,769,775,779,785,786,786,785,784,782,781,780,783,783,781,780,778,781,784,785,782,780,778,780,782,785,785,785,785,788,791,792,793
"Montana","State","3br",1047,1044,1042,1042,1048,1052,1059,1062,1062,1062,1062,1063,1060,1057,1055,1054,1055,1054,1057,1057,1057,1054,1055,1055,1046,1039,1037,1047,1058,1068,1073,1073,1070,1069,1067,1065,1065,1068,1073,1081,1087,1095,1096,1096,1095,1094,1091,1090,1089,1092,1092,1090,1088,1086,1090,1093,1096,1091,1088,1086,1088,1092,1096,1095,1095,1095,1099,1103,1106,1106
"Montana","State","4br",1250,1247,1245,1244,1251,1256,1264,1268,1268,1268,1269,1270,1266,1262,1260,1259,1259,1258,1262,1262,1262,1259,1260,1260,1249,1240,1238,1250,1264,1276,1281,1282,1278,1277,1275,1272,1272,1276,1282,1291,1299,1307,1309,1309,1307,1307,1303,1302,1300,1304,1304,1301,1299,1297,1302,1306,1308,1303,1299,1296,1300,1304,1308,1307,1307,1307,1313,1317,1320,1321
"Nebraska","State","Studio",497,496,497,499,500,502,503,503,503,503,503,504,504,506,506,506,506,509,511,513,514,514,513,513,513,513,513,515,518,520,521,520,519,519,520,520,519,520,522,524,527,531,532,533,531,528,526,525,526,527,527,528,529,529,530,531,531,531,531,531,531,532,533,534,535,536,537,537,538,538
"Nebraska","State","1br",606,605,606,608,610,612,613,614,614,613,613,614,615,617,617,618,617,620,623,626,627,627,626,626,625,626,626,628,631,634,636,635,633,633,634,634,633,634,636,639,643,647,649,650,647,644,641,641,641,642,643,643,645,646,647,647,648,647,647,647,647,649,650,651,653,654,655,655,655,657
"Nebraska","State","2br",775,774,776,778,780,782,784,785,785,785,785,785,787,789,789,790,790,793,797,800,802,802,801,800,800,800,800,803,807,811,813,812,810,810,811,811,809,810,813,817,822,828,831,831,828,824,820,819,820,821,822,823,825,826,827,828,828,828,828,828,828,830,831,833,835,836,838,838,838,840
"Nebraska","State","3br",1042,1042,1044,1047,1050,1052,1055,1056,1056,1056,1056,1057,1059,1061,1062,1063,1062,1068,1072,1077,1079,1080,1077,1077,1076,1077,1077,1081,1086,1091,1094,1092,1090,1090,1091,1091,1089,1090,1094,1100,1106,1113,1117,1118,1113,1109,1103,1102,1103,1105,1106,1107,1110,1111,1113,1114,1115,1114,1114,1113,1114,1116,1119,1121,1123,1125,1127,1128,1128,1130
"Nebraska","State","4br",1172,1172,1174,1178,1181,1184,1186,1188,1188,1187,1187,1189,1191,1194,1194,1196,1195,1201,1206,1211,1214,1214,1212,1211,1210,1211,1211,1216,1222,1227,1231,1228,1226,1226,1227,1227,1225,1226,1231,1237,1244,1252,1257,1258,1252,1247,1241,1240,1241,1243,1245,1246,1248,1250,1252,1253,1254,1253,1253,1252,1253,1256,1258,1261,1264,1266,1268,1268,1269,1271
"Nevada","State","Studio",602,604,606,608,610,612,616,618,619,620,622,624,624,625,625,628,628,629,632,634,635,637,642,646,645,643,642,649,654,658,662,664,665,666,666,667,669,673,677,682,684,688,692,697,699,699,697,698,701,703,706,707,711,714,717,718,719,721,723,724,724,724,725,729,733,738,740,740,740,740
"Nevada","State","1br",733,735,737,740,743,746,750,752,754,755,758,760,760,761,761,764,765,766,770,772,773,776,782,787,785,783,782,790,796,801,806,808,810,811,812,813,815,819,824,830,833,838,843,849,851,851,849,850,854,857,859,861,866,870,873,874,875,878,880,882,882,882,883,887,893,899,901,902,901,901
"Nevada","State","2br",920,923,926,929,933,936,941,944,947,948,951,953,954,955,956,959,960,962,967,969,971,974,981,988,985,983,981,991,1000,1005,1012,1015,1017,1018,1019,1020,1023,1028,1034,1042,1046,1052,1058,1065,1069,1068,1066,1067,1072,1075,1078,1081,1087,1092,1096,1098,1099,1102,1105,1107,1107,1107,1109,1114,1121,1128,1131,1132,1131,1131
"Nevada","State","3br",1335,1340,1344,1349,1354,1359,1366,1371,1375,1376,1381,1384,1385,1387,1388,1393,1394,1396,1404,1407,1409,1414,1425,1434,1430,1427,1425,1439,1451,1460,1469,1473,1477,1478,1479,1481,1485,1493,1502,1513,1519,1527,1536,1547,1552,1551,1548,1549,1556,1561,1566,1569,1577,1585,1591,1594,1595,1601,1604,1607,1607,1608,1610,1617,1628,1638,1642,1643,1642,1643
"Nevada","State","4br",1606,1612,1617,1623,1629,1635,1644,1649,1654,1656,1661,1665,1666,1668,1670,1676,1677,1680,1689,1692,1695,1701,1714,1726,1721,1717,1714,1732,1746,1756,1768,1772,1777,1778,1779,1782,1786,1796,1807,1820,1827,1837,1848,1861,1867,1865,1862,1864,1872,1878,1884,1888,1898,1907,1914,1917,1919,1926,1930,1933,1934,1934,1936,1945,1958,1971,1975,1977,1975,1976
"New Hampshire","State","Studio",779,779,782,787,792,796,800,803,803,803,803,803,805,806,807,809,819,825,835,838,842,847,856,862,864,859,855,862,870,872,876,879,881,880,877,877,879,883,884,889,894,898,898,898,898,899,899,901,901,900,900,902,906,910,910,910,910,913,914,916,915,913,911,917,922,927,927,925,924,926
"New Hampshire","State","1br",875,875,878,883,889,894,899,901,902,902,902,902,904,905,906,908,919,927,938,941,945,951,961,968,971,965,960,968,977,980,984,987,989,988,985,985,987,991,993,998,1004,1008,1008,1008,1008,1010,1010,1011,1012,1010,1011,1013,1017,1022,1022,1022,1022,1025,1027,1029,1027,1026,1023,1029,1036,1041,1041,1039,1037,1040
"New Hampshire","State","2br",1116,1116,1120,1127,1134,1140,1146,1150,1150,1150,1150,1151,1153,1154,1156,1159,1173,1182,1196,1201,1206,1213,1226,1235,1238,1230,1225,1234,1246,1250,1255,1259,1262,1260,1256,1256,1259,1265,1267,1273,1280,1286,1286,1286,1286,1288,1288,1290,1291,1289,1289,1292,1298,1304,1304,1304,1303,1307,1310,1312,1310,1308,1306,1313,1321,1328,1328,1326,1323,1327
"New Hampshire","State","3br",1468,1469,1474,1482,1492,1500,1508,1513,1513,1513,1514,1514,1517,1519,1521,1524,1543,1556,1574,1580,1587,1597,1613,1624,1629,1619,1612,1624,1639,1644,1652,1657,1660,1658,1653,1653,1657,1664,1667,1675,1685,1692,1692,1692,1692,1694,1695,1697,1699,1696,1696,1700,1708,1716,1716,1715,1715,1720,1723,1726,1724,1721,1718,1728,1738,1748,1747,1744,1741,1746
"New Hampshire","State","4br",1643,1643,1649,1658,1669,1678,1687,1692,1693,1693,1693,1694,1697,1699,1701,1705,1726,1740,1760,1767,1775,1786,1804,1817,1822,1811,1803,1817,1834,1839,1848,1853,1857,1855,1849,1849,1853,1861,1865,1874,1884,1892,1892,1892,1893,1895,1896,1899,1901,1897,1898,1901,1910,1920,1919,1919,1918,1924,1928,1931,1929,1926,1921,1933,1945,1955,1954,1951,1947,1953
"New Jersey","State","Studio",979,981,984,988,992,996,1000,1003,1003,1003,1003,1004,1006,1008,1011,1017,1028,1031,1034,1034,1033,1033,1033,1033,1032,1033,1039,1048,1055,1058,1061,1059,1058,1059,1059,1057,1057,1060,1065,1071,1078,1083,1084,1082,1079,1075,1071,1070,1069,1072,1075,1079,1084,1088,1087,1086,1085,1086,1087,1087,1086,1085,1084,1088,1094,1098,1099,1097,1096,1097
"New Jersey","State","1br",1122,1124,1127,1132,1137,1142,1146,1149,1150,1149,1150,1151,1153,1155,1159,1166,1178,1181,1185,1185,1184,1184,1184,1184,1182,1184,1191,1201,1209,1213,1216,1213,1212,1214,1214,1211,1211,1215,1221,1228,1236,1241,1243,1240,1236,1232,1228,1227,1226,1229,1232,1237,1243,1246,1246,1245,1244,1245,1245,1246,1244,1243,1242,1247,1254,1259,1259,1258,1256,1257
"New Jersey","State","2br",1376,1380,1384,1390,1395,1402,1407,1410,1411,1410,1411,1412,1414,1417,1422,1431,1446,1450,1454,1454,1452,1453,1453,1453,1451,1453,1461,1474,1484,1489,1492,1489,1488,1490,1489,1487,1486,1491,1499,1507,1516,1523,1525,1522,1517,1512,1507,1505,1504,1508,1512,1518,1525,1530,1529,1528,1527,1528,1528,1529,1527,1526,1525,1531,1538,1545,1545,1544,1542,1542
"New Jersey","State","3br",1779,1784,1789,1796,1804,1812,1819,1823,1824,1823,1824,1826,1829,1832,1838,1849,1869,1874,1880,1880,1878,1878,1878,1878,1876,1878,1889,1905,1918,1925,1929,1925,1924,1926,1925,1922,1922,1928,1937,1948,1960,1969,1971,1968,1962,1955,1948,1946,1945,1949,1955,1962,1971,1978,1977,1975,1974,1975,1976,1977,1974,1972,1971,1979,1989,1997,1998,1996,1993,1994
"New Jersey","State","4br",2055,2060,2065,2074,2083,2092,2100,2105,2106,2105,2106,2108,2111,2116,2123,2135,2158,2164,2170,2171,2168,2168,2169,2169,2166,2169,2181,2200,2215,2222,2227,2222,2221,2224,2223,2219,2219,2226,2237,2249,2264,2273,2276,2272,2265,2257,2249,2247,2245,2251,2257,2266,2276,2283,2283,2281,2279,2281,2281,2283,2279,2277,2276,2285,2296,2306,2307,2304,2301,2302
"New Mexico","State","Studio",538,537,538,538,539,539,541,541,541,541,541,541,540,540,539,538,536,539,543,544,542,540,540,543,542,540,539,542,547,549,551,550,551,551,550,550,550,551,553,556,559,562,565,566,566,565,564,562,562,564,566,565,565,566,568,570,571,570,570,569,570,571,572,572,573,574,577,579,581,579
"New Mexico","State","1br",631,630,631,631,632,632,634,635,635,634,634,634,633,633,632,631,628,632,636,638,636,633,634,636,635,633,632,636,641,644,646,645,646,646,645,645,644,646,648,652,655,659,662,663,664,663,661,659,659,661,663,663,663,663,666,668,670,669,668,667,668,669,671,671,671,673,676,679,681,679
"New Mexico","State","2br",776,775,776,777,777,778,780,781,781,780,780,781,779,779,777,776,773,778,783,784,782,779,780,783,782,779,777,782,789,792,795,794,794,795,794,793,793,795,797,802,806,811,815,816,817,816,814,811,810,813,816,816,816,816,820,822,824,823,822,821,822,824,826,826,826,828,832,835,838,836
"New Mexico","State","3br",1083,1081,1082,1083,1084,1085,1088,1089,1089,1088,1088,1089,1087,1086,1084,1082,1079,1085,1092,1094,1091,1087,1087,1092,1090,1087,1084,1091,1100,1105,1108,1108,1108,1109,1107,1107,1106,1108,1112,1119,1124,1132,1136,1138,1140,1138,1135,1131,1130,1134,1138,1137,1138,1138,1144,1147,1149,1148,1146,1145,1146,1149,1152,1151,1152,1154,1160,1165,1169,1166
"New Mexico","State","4br",1282,1280,1281,1282,1283,1284,1288,1289,1289,1288,1288,1289,1287,1286,1283,1281,1277,1284,1293,1295,1291,1286,1287,1293,1290,1286,1283,1292,1302,1308,1312,1311,1312,1312,1311,1310,1309,1312,1317,1324,1331,1339,1345,1348,1349,1347,1344,1339,1338,1343,1347,1346,1347,1347,1354,1358,1360,1358,1357,1355,1357,1360,1363,1363,1364,1367,1373,1379,1384,1380
"New York","State","Studio",1080,1081,1082,1085,1090,1095,1101,1104,1105,1105,1105,1105,1103,1104,1107,1111,1115,1120,1127,1131,1130,1127,1124,1120,1117,1115,1117,1118,1120,1120,1124,1128,1137,1136,1132,1127,1124,1126,1129,1134,1138,1143,1147,1149,1149,1148,1144,1141,1138,1138,1141,1144,1149,1155,1157,1157,1157,1158,1159,1160,1157,1155,1154,1158,1163,1168,1168,1167,1164,1170
"New York","State","1br",1193,1194,1196,1199,1204,1210,1217,1220,1221,1221,1221,1221,1219,1220,1223,1227,1232,1237,1245,1249,1249,1245,1242,1238,1234,1233,1234,1235,1237,1238,1242,1247,1256,1255,1250,1245,1242,1244,1247,1253,1258,1263,1267,1270,1270,1268,1264,1260,1257,1258,1261,1264,1270,1276,1278,1279,1278,1280,1281,1282,1279,1276,1275,1280,1285,1291,1291,1289,1286,1292
"New York","State","2br",1420,1421,1423,1427,1433,1440,1448,1452,1454,1454,1454,1453,1451,1452,1455,1461,1467,1472,1482,1487,1486,1482,1479,1473,1469,1467,1469,1470,1472,1473,1478,1484,1495,1493,1488,1482,1479,1480,1485,1492,1497,1504,1509,1512,1511,1509,1505,1500,1496,1497,1500,1504,1511,1519,1521,1522,1521,1524,1525,1525,1522,1519,1517,1523,1530,1537,1536,1534,1531,1538
"New York","State","3br",1825,1826,1829,1834,1842,1850,1861,1866,1868,1868,1868,1867,1865,1866,1870,1877,1885,1892,1905,1911,1910,1905,1900,1893,1887,1885,1888,1890,1892,1893,1900,1907,1921,1919,1913,1905,1900,1903,1908,1917,1924,1932,1939,1943,1942,1940,1934,1928,1923,1924,1928,1933,1942,1952,1955,1956,1955,1958,1960,1960,1956,1952,1950,1957,1966,1975,1974,1972,1968,1977
"New York","State","4br",2010,2011,2014,2020,2028,2037,2049,2055,2057,2057,2057,2056,2054,2055,2059,2067,2075,2084,2097,2104,2103,2098,2092,2085,2078,2076,2079,2081,2084,2085,2092,2100,2116,2113,2106,2098,2092,2095,2101,2111,2119,2128,2135,2139,2139,2136,2129,2123,2118,2118,2123,2128,2138,2149,2153,2154,2152,2156,2158,2159,2154,2149,2147,2155,2165,2174,2174,2171,2167,2177
"North Carolina","State","Studio",615,615,617,620,623,625,629,631,631,630,630,630,630,630,631,634,638,640,644,645,645,643,644,645,644,642,640,645,649,652,655,656,657,658,658,657,656,658,662,669,674,679,683,684,683,681,679,677,675,676,678,681,685,689,691,691,690,692,693,694,694,695,696,700,704,708,710,710,709,710
"North Carolina","State","1br",667,667,670,673,676,678,682,684,684,683,683,683,683,683,684,688,692,694,698,700,699,698,699,700,698,696,694,700,704,707,710,711,713,713,713,713,712,714,718,726,731,737,740,742,740,739,736,734,732,733,735,738,743,747,750,750,749,750,751,753,753,753,755,759,764,768,770,770,769,770
"North Carolina","State","2br",802,802,805,809,812,815,820,822,823,821,821,821,821,821,823,827,832,834,839,841,841,839,840,842,839,837,835,841,847,850,853,855,857,858,857,857,856,858,863,872,879,886,890,892,890,888,885,883,880,881,884,888,893,898,901,901,900,902,903,905,905,906,907,913,918,923,925,926,925,926
"North Carolina","State","3br",1079,1080,1083,1089,1093,1097,1104,1107,1107,1105,1105,1106,1105,1105,1108,1113,1120,1123,1130,1132,1132,1129,1131,1133,1130,1126,1123,1132,1140,1145,1149,1151,1153,1154,1154,1154,1152,1155,1162,1174,1183,1192,1198,1201,1198,1195,1191,1188,1185,1186,1190,1195,1202,1209,1213,1213,1212,1214,1215,1218,1218,1219,1221,1228,1236,1243,1245,1247,1244,1246
"North Carolina","State","4br",1302,1302,1307,1313,1319,1323,1331,1335,1335,1333,1333,1334,1333,1333,1336,1342,1351,1354,1362,1366,1365,1362,1364,1366,1362,1358,1355,1366,1375,1381,1386,1388,1391,1392,1392,1391,1390,1393,1401,1416,1427,1438,1445,1448,1445,1442,1437,1433,1429,1431,1435,1441,1450,1458,1463,1464,1461,1464,1466,1469,1469,1471,1473,1482,1490,1499,1502,1504,1501,1503
"North Dakota","State","Studio",600,603,606,608,608,608,607,607,607,607,608,609,608,606,602,599,597,593,588,572,562,554,553,553,550,539,529,525,524,525,525,527,525,524,522,521,522,522,522,523,524,525,524,522,519,516,515,515,516,514,513,513,514,515,516,517,518,519,519,519,519,520,520,520,521,521,523,524,525,534
"North Dakota","State","1br",657,661,664,666,667,666,665,665,665,666,666,668,667,664,660,657,655,650,644,626,615,607,606,606,603,591,579,576,574,576,575,577,575,574,573,571,573,573,572,573,574,575,574,572,569,565,564,565,566,563,563,563,564,565,566,567,567,568,569,569,569,569,570,570,571,572,573,574,575,585
"North Dakota","State","2br",845,851,855,857,858,857,856,855,855,856,857,859,858,855,849,845,842,836,829,806,792,780,780,780,776,760,745,740,738,741,740,742,740,738,737,735,737,737,736,737,739,740,739,736,731,727,726,726,728,724,724,724,725,727,728,729,730,731,732,732,732,733,733,734,735,735,737,739,740,752
"North Dakota","State","3br",1189,1196,1202,1205,1206,1205,1204,1203,1203,1204,1205,1208,1206,1202,1194,1188,1184,1176,1165,1133,1113,1097,1096,1097,1091,1069,1048,1041,1038,1041,1041,1044,1040,1038,1036,1033,1036,1036,1035,1037,1039,1040,1039,1035,1028,1022,1021,1021,1024,1018,1018,1018,1020,1022,1024,1025,1026,1028,1029,1029,1029,1030,1031,1032,1033,1034,1037,1038,1040,1058
"North Dakota","State","4br",1363,1371,1378,1382,1383,1382,1380,1379,1379,1380,1382,1385,1383,1378,1369,1363,1358,1348,1336,1299,1276,1258,1257,1258,1251,1226,1202,1194,1190,1194,1194,1197,1193,1190,1188,1185,1188,1188,1187,1189,1192,1193,1191,1187,1179,1172,1170,1171,1174,1168,1167,1167,1169,1171,1174,1175,1177,1179,1180,1180,1180,1181,1182,1183,1184,1185,1189,1191,1193,1213
"Ohio","State","Studio",516,517,518,520,521,523,524,525,525,525,525,526,526,527,528,530,534,536,538,537,536,535,535,536,536,536,536,539,541,543,544,544,545,545,546,546,547,548,551,554,558,560,561,561,560,560,560,560,560,560,561,562,564,566,566,566,565,566,566,567,567,566,567,568,571,573,573,573,572,573
"Ohio","State","1br",598,599,600,602,604,605,607,608,608,608,608,609,609,610,611,614,619,620,623,622,621,620,620,621,621,621,621,625,627,629,630,631,631,631,632,633,633,635,638,642,646,649,650,650,649,649,649,649,649,648,650,651,653,655,655,655,654,655,656,656,656,656,656,658,661,663,664,663,662,663
"Ohio","State","2br",768,769,771,773,776,778,780,781,782,781,782,782,783,784,786,789,795,797,800,799,798,796,796,798,798,798,798,802,806,808,810,810,811,811,812,813,814,816,819,825,830,834,835,835,834,834,833,833,833,833,835,837,840,842,842,841,841,842,842,843,843,843,843,846,849,852,853,852,851,852
"Ohio","State","3br",1018,1019,1021,1024,1027,1030,1034,1035,1036,1035,1035,1036,1037,1039,1041,1045,1053,1056,1060,1059,1057,1055,1055,1057,1057,1057,1057,1063,1067,1070,1072,1073,1074,1075,1076,1077,1078,1081,1085,1093,1099,1104,1105,1106,1104,1104,1104,1104,1104,1104,1106,1108,1112,1115,1115,1115,1114,1115,1116,1117,1117,1117,1117,1120,1125,1129,1130,1129,1127,1129
"Ohio","State","4br",1140,1142,1144,1147,1151,1154,1158,1159,1160,1160,1160,1161,1161,1163,1166,1170,1180,1183,1187,1186,1185,1182,1182,1184,1184,1184,1184,1191,1195,1199,1201,1202,1203,1204,1205,1206,1208,1211,1216,1224,1231,1237,1238,1239,1237,1237,1237,1237,1237,1236,1239,1242,1246,1249,1250,1249,1248,1249,1250,1252,1251,1251,1251,1255,1260,1265,1266,1265,1263,1264
"Oklahoma","State","Studio",514,514,514,514,516,517,519,519,520,520,521,522,523,523,523,524,525,525,527,526,525,524,524,526,523,521,520,524,526,527,528,527,526,526,525,526,526,527,527,528,527,528,529,530,529,528,526,525,526,525,525,526,528,529,528,527,527,528,529,529,529,528,527,530,532,534,533,532,531,531
"Oklahoma","State","1br",579,579,579,580,582,584,585,586,586,586,588,589,590,590,590,591,592,593,594,594,592,591,591,593,590,588,587,591,594,595,595,595,594,593,593,593,594,594,595,595,595,595,596,598,597,595,593,593,593,592,593,593,595,596,595,595,594,596,596,597,596,596,595,597,600,602,601,600,599,599
"Oklahoma","State","2br",744,744,744,745,747,749,752,752,753,753,755,757,757,757,758,759,760,761,763,762,760,758,759,762,757,755,753,759,762,764,764,763,762,761,761,762,762,763,763,765,764,764,766,767,767,764,762,761,761,761,761,762,764,766,765,764,763,765,766,767,766,765,764,767,771,773,772,770,769,769
"Oklahoma","State","3br",1009,1009,1009,1010,1013,1016,1019,1020,1020,1021,1024,1026,1026,1027,1027,1029,1031,1032,1034,1034,1031,1028,1030,1033,1027,1024,1021,1029,1034,1036,1036,1035,1034,1032,1032,1033,1034,1035,1035,1037,1036,1036,1039,1041,1040,1036,1033,1032,1032,1032,1032,1033,1036,1038,1037,1036,1035,1037,1038,1040,1038,1037,1036,1040,1045,1048,1047,1045,1043,1043
"Oklahoma","State","4br",1173,1173,1173,1175,1178,1182,1185,1186,1187,1187,1190,1193,1194,1194,1195,1197,1199,1200,1203,1202,1199,1196,1197,1202,1194,1191,1188,1197,1202,1205,1205,1204,1202,1201,1200,1202,1202,1204,1204,1206,1205,1205,1208,1210,1209,1205,1201,1200,1201,1200,1200,1202,1205,1208,1206,1205,1204,1206,1208,1209,1208,1206,1205,1210,1215,1219,1218,1215,1213,1214
"Oregon","State","Studio",721,722,725,730,734,738,743,747,750,751,755,758,760,763,765,772,784,791,801,808,816,821,825,826,827,832,838,843,847,848,853,855,857,854,852,850,851,853,857,862,867,872,875,877,875,871,864,859,857,865,868,866,864,862,868,873,875,870,866,862,865,869,874,873,872,870,876,881,885,883
"Oregon","State","1br",810,811,815,820,824,829,835,840,843,844,848,852,854,857,860,868,881,889,900,908,917,923,927,928,929,935,942,947,952,953,958,960,963,960,957,955,956,959,963,969,974,980,984,985,984,979,971,965,963,972,976,973,971,969,976,980,983,978,973,969,972,976,982,981,979,978,985,990,995,992
"Oregon","State","2br",993,995,1000,1006,1012,1017,1025,1030,1034,1035,1041,1045,1047,1051,1055,1064,1081,1090,1104,1114,1124,1132,1138,1139,1140,1147,1155,1162,1168,1169,1176,1178,1181,1178,1175,1172,1173,1176,1182,1189,1195,1202,1207,1209,1207,1201,1192,1184,1182,1193,1197,1194,1192,1189,1197,1203,1206,1200,1194,1189,1192,1198,1205,1203,1202,1200,1208,1215,1220,1217
"Oregon","State","3br",1440,1443,1450,1459,1467,1474,1486,1494,1499,1501,1509,1516,1519,1524,1530,1544,1567,1581,1601,1616,1631,1642,1650,1651,1653,1664,1675,1686,1694,1696,1705,1709,1713,1708,1703,1699,1702,1705,1714,1724,1733,1744,1750,1753,1750,1741,1728,1717,1714,1729,1736,1732,1728,1724,1736,1744,1749,1740,1731,1724,1729,1737,1748,1745,1742,1740,1752,1762,1769,1765
"Oregon","State","4br",1729,1732,1740,1751,1761,1770,1784,1794,1799,1802,1811,1819,1823,1830,1836,1853,1881,1898,1922,1940,1957,1971,1981,1982,1985,1997,2011,2023,2033,2036,2046,2051,2056,2050,2045,2040,2042,2047,2057,2069,2080,2093,2100,2104,2101,2090,2074,2061,2057,2076,2084,2079,2074,2069,2084,2094,2100,2088,2078,2069,2076,2085,2098,2094,2092,2089,2103,2115,2124,2118
"Pennsylvania","State","Studio",653,655,657,659,661,663,665,665,665,664,665,665,664,664,665,668,672,673,675,677,677,677,677,678,680,681,683,682,683,684,687,688,688,689,687,686,685,686,689,692,697,700,702,701,699,697,696,696,697,695,697,699,703,705,705,704,703,705,706,707,706,705,703,707,711,714,713,711,710,710
"Pennsylvania","State","1br",759,761,763,766,768,771,773,773,773,772,772,773,772,772,773,776,780,782,785,786,787,787,787,788,790,791,793,792,794,795,798,799,800,800,798,797,796,798,800,805,810,814,815,815,812,810,809,809,810,808,810,812,816,820,819,818,817,819,821,822,820,819,818,822,826,830,829,827,825,825
"Pennsylvania","State","2br",939,942,945,948,951,954,957,957,957,956,956,956,956,956,957,960,966,968,971,973,974,974,975,975,978,979,982,981,983,984,988,989,990,991,988,986,986,987,991,996,1002,1007,1009,1009,1006,1003,1002,1002,1003,1000,1003,1005,1011,1015,1014,1013,1012,1014,1016,1018,1016,1014,1012,1017,1023,1027,1026,1023,1021,1021
"Pennsylvania","State","3br",1195,1199,1201,1206,1210,1214,1217,1218,1217,1215,1216,1216,1216,1216,1217,1222,1229,1232,1235,1238,1239,1239,1240,1241,1244,1245,1249,1247,1250,1251,1256,1258,1260,1260,1257,1255,1254,1256,1260,1267,1275,1281,1284,1283,1279,1276,1274,1274,1276,1272,1275,1279,1286,1291,1290,1289,1287,1290,1292,1294,1292,1290,1287,1294,1301,1307,1305,1302,1298,1299
"Pennsylvania","State","4br",1315,1319,1322,1327,1332,1336,1340,1340,1339,1338,1338,1339,1338,1338,1339,1344,1352,1356,1360,1363,1363,1364,1364,1365,1369,1370,1375,1373,1376,1377,1382,1385,1386,1387,1383,1381,1380,1382,1387,1394,1403,1410,1413,1412,1408,1404,1402,1402,1404,1400,1403,1407,1415,1420,1420,1418,1416,1420,1422,1424,1422,1419,1417,1424,1431,1438,1436,1433,1429,1430
"Rhode Island","State","Studio",745,747,749,753,756,759,765,767,769,767,768,766,764,764,766,772,786,796,805,811,817,822,825,817,812,810,822,811,808,805,811,819,829,833,830,827,821,822,827,837,850,859,865,858,853,849,851,848,846,839,840,842,846,850,849,847,846,848,850,851,849,847,844,849,855,860,857,853,850,854
"Rhode Island","State","1br",844,846,848,853,857,860,866,869,871,869,870,867,866,866,867,874,890,901,912,919,926,931,935,925,919,917,932,919,915,911,918,927,939,943,940,936,930,931,936,948,963,973,980,972,966,962,964,961,958,950,951,954,959,962,961,960,958,961,962,964,962,959,956,962,968,974,971,966,963,967
"Rhode Island","State","2br",1020,1023,1026,1032,1036,1041,1048,1052,1054,1051,1053,1049,1047,1047,1049,1057,1077,1090,1104,1112,1120,1126,1131,1119,1112,1110,1127,1112,1107,1103,1111,1122,1137,1141,1137,1133,1125,1126,1133,1147,1165,1177,1185,1176,1169,1163,1166,1163,1159,1150,1151,1154,1160,1164,1163,1161,1159,1162,1164,1166,1163,1160,1156,1164,1171,1178,1175,1169,1165,1170
"Rhode Island","State","3br",1294,1297,1301,1308,1314,1319,1329,1333,1336,1333,1335,1330,1328,1328,1330,1340,1366,1382,1399,1409,1420,1428,1434,1419,1410,1407,1429,1409,1403,1398,1409,1423,1441,1446,1442,1436,1426,1428,1436,1454,1478,1493,1502,1491,1482,1475,1478,1474,1470,1458,1459,1463,1471,1476,1474,1472,1470,1473,1476,1478,1475,1471,1466,1476,1485,1493,1490,1482,1477,1483
"Rhode Island","State","4br",1550,1554,1559,1567,1574,1581,1592,1598,1601,1597,1600,1594,1591,1591,1594,1606,1636,1656,1677,1689,1702,1711,1718,1700,1690,1686,1712,1689,1681,1675,1688,1705,1727,1733,1728,1721,1708,1711,1721,1743,1770,1789,1800,1786,1776,1767,1771,1766,1761,1747,1749,1753,1762,1769,1766,1764,1761,1765,1769,1771,1767,1763,1757,1768,1779,1789,1785,1776,1769,1777
"South Carolina","State","Studio",589,590,592,594,597,600,606,610,612,612,613,614,614,615,618,622,625,627,631,632,631,630,631,633,633,634,637,643,649,650,652,650,648,647,645,644,644,647,651,657,660,663,665,667,665,662,659,658,658,659,661,664,668,672,672,672,670,673,675,676,674,672,670,676,681,685,684,684,682,682
"South Carolina","State","1br",671,672,674,677,680,684,690,695,697,698,698,699,699,701,704,708,712,715,719,721,719,718,718,721,721,723,726,732,739,741,743,740,739,737,735,733,733,737,742,748,751,756,758,760,757,754,751,750,750,751,753,756,761,766,766,765,764,767,769,770,767,765,764,770,776,780,780,779,776,777
"South Carolina","State","2br",805,806,808,812,816,820,828,833,836,837,837,839,838,840,844,849,854,857,862,864,862,861,862,865,865,867,871,878,886,888,891,888,886,884,881,880,879,883,890,898,901,906,909,911,908,905,901,899,899,901,903,907,913,919,919,917,916,920,922,923,920,918,916,924,931,936,935,934,931,932
"South Carolina","State","3br",1070,1072,1074,1079,1084,1090,1101,1107,1111,1112,1113,1115,1114,1117,1122,1129,1136,1139,1146,1149,1146,1144,1145,1149,1149,1152,1157,1167,1178,1181,1184,1180,1178,1174,1172,1169,1169,1174,1183,1193,1198,1204,1208,1211,1207,1202,1197,1195,1195,1197,1201,1205,1214,1221,1221,1219,1218,1222,1225,1227,1223,1220,1217,1228,1237,1244,1243,1242,1238,1239
"South Carolina","State","4br",1290,1292,1295,1301,1307,1314,1327,1335,1340,1341,1342,1344,1344,1347,1352,1361,1369,1373,1382,1385,1382,1379,1381,1386,1385,1389,1395,1407,1420,1423,1427,1422,1420,1416,1412,1409,1409,1415,1426,1438,1444,1452,1457,1460,1455,1450,1444,1440,1440,1443,1447,1453,1463,1472,1472,1470,1468,1474,1477,1480,1475,1470,1468,1480,1491,1500,1499,1497,1492,1494
"South Dakota","State","Studio",487,487,487,487,487,489,488,487,486,486,484,482,480,480,480,481,481,479,477,474,474,474,473,472,471,474,478,477,475,474,475,475,476,476,478,479,479,479,479,481,483,485,485,485,485,485,485,484,484,485,486,486,487,487,487,487,486,487,487,487,487,486,486,487,489,490,489,489,488,486
"South Dakota","State","1br",565,565,565,565,566,567,566,566,564,564,562,559,557,557,557,558,558,556,554,550,550,550,549,547,547,550,554,553,552,550,551,551,552,553,554,555,555,556,556,558,561,563,563,562,563,563,563,561,561,563,564,564,565,565,565,565,564,565,565,566,565,564,564,565,567,568,568,567,566,564
"South Dakota","State","2br",723,723,723,724,724,725,724,724,722,722,719,715,713,712,713,714,714,711,709,705,704,704,703,700,699,704,710,708,706,704,705,706,706,707,709,711,711,711,711,714,718,720,721,720,720,721,721,718,718,720,722,722,722,723,723,723,722,723,723,724,723,722,721,724,726,727,726,726,724,721
"South Dakota","State","3br",987,987,987,988,988,990,988,988,986,985,981,976,973,972,973,975,975,970,967,962,961,961,960,956,955,961,968,967,964,961,962,963,964,965,968,970,970,970,971,975,980,983,984,982,983,984,983,980,980,983,985,985,986,987,988,987,986,986,987,988,987,986,985,988,990,993,992,990,989,985
"South Dakota","State","4br",1121,1121,1121,1122,1122,1124,1122,1122,1120,1119,1114,1108,1105,1104,1105,1107,1107,1102,1099,1092,1091,1092,1090,1086,1084,1091,1100,1098,1094,1092,1093,1094,1095,1096,1100,1102,1102,1102,1103,1107,1113,1117,1117,1116,1117,1117,1117,1114,1113,1116,1119,1119,1120,1121,1122,1121,1119,1120,1121,1122,1121,1120,1118,1122,1125,1127,1126,1125,1123,1118
"Tennessee","State","Studio",553,554,555,556,558,560,562,563,564,564,564,564,564,565,567,569,573,574,578,580,580,580,580,582,580,580,579,583,587,590,592,594,595,596,595,594,594,595,595,598,600,604,606,608,608,607,605,604,604,605,606,607,610,612,613,613,612,613,613,614,613,612,612,616,620,623,624,624,623,624
"Tennessee","State","1br",625,626,627,629,631,632,635,636,637,637,637,637,638,639,641,643,647,649,654,656,656,655,656,657,656,656,655,659,663,666,669,671,673,673,673,672,671,672,673,675,678,682,685,688,688,686,683,683,683,683,685,686,689,692,692,692,691,692,693,694,693,692,692,696,700,704,705,706,704,706
"Tennessee","State","2br",772,773,774,777,779,781,784,786,787,787,787,787,788,789,791,794,799,802,807,810,810,809,810,812,810,810,808,814,819,823,827,829,831,832,831,829,829,830,831,834,838,843,846,849,849,847,844,843,843,844,845,848,851,855,855,855,854,855,856,857,855,855,854,860,865,870,871,871,870,871
"Tennessee","State","3br",1030,1030,1032,1035,1038,1041,1045,1048,1049,1049,1049,1049,1050,1052,1055,1059,1066,1069,1076,1079,1079,1078,1079,1082,1080,1080,1078,1085,1092,1097,1102,1105,1108,1109,1107,1106,1105,1106,1108,1112,1117,1123,1128,1132,1132,1129,1125,1124,1124,1125,1127,1130,1135,1139,1140,1140,1138,1140,1141,1142,1140,1139,1139,1146,1153,1159,1161,1162,1159,1162
"Tennessee","State","4br",1212,1213,1215,1219,1223,1226,1230,1233,1235,1235,1235,1236,1236,1238,1242,1247,1255,1258,1267,1271,1271,1270,1271,1274,1272,1271,1269,1278,1286,1292,1297,1300,1304,1305,1304,1302,1301,1302,1304,1309,1315,1322,1328,1333,1333,1329,1324,1323,1323,1324,1327,1330,1336,1341,1342,1342,1340,1342,1343,1345,1342,1341,1341,1349,1357,1365,1367,1368,1365,1368
"Texas","State","Studio",646,649,651,654,658,662,666,669,671,672,674,674,675,676,677,680,683,685,687,690,691,693,696,697,699,700,701,703,705,706,708,708,708,707,706,704,704,705,707,710,712,715,717,718,719,721,722,722,721,721,722,724,727,730,731,731,731,732,732,733,731,731,731,735,738,742,743,743,741,743
"Texas","State","1br",746,749,752,755,759,764,768,772,775,776,778,778,779,780,782,785,789,791,793,796,798,800,803,805,807,808,809,811,814,815,817,817,817,816,814,813,812,813,816,819,822,825,828,829,830,832,833,834,833,832,833,836,839,843,844,844,843,844,845,846,844,844,844,848,852,857,858,858,856,857
"Texas","State","2br",927,931,934,939,944,949,955,960,963,965,967,968,968,970,972,976,980,984,986,990,992,995,998,1001,1003,1005,1006,1009,1011,1013,1015,1016,1016,1014,1013,1011,1010,1011,1014,1019,1022,1026,1029,1031,1032,1034,1036,1036,1035,1035,1036,1039,1043,1048,1049,1049,1048,1050,1050,1051,1050,1049,1049,1055,1060,1065,1066,1066,1064,1066
"Texas","State","3br",1251,1256,1261,1267,1274,1281,1289,1295,1300,1302,1304,1306,1307,1308,1312,1317,1323,1327,1331,1335,1338,1343,1347,1350,1353,1356,1358,1361,1365,1367,1370,1371,1371,1369,1366,1364,1363,1365,1369,1374,1379,1384,1389,1391,1393,1396,1398,1398,1397,1396,1398,1402,1408,1413,1416,1416,1415,1417,1417,1419,1416,1416,1416,1423,1430,1437,1439,1439,1436,1438
"Texas","State","4br",1543,1549,1554,1562,1571,1579,1589,1596,1602,1605,1608,1610,1611,1613,1617,1623,1631,1636,1641,1646,1650,1655,1661,1665,1668,1671,1674,1678,1683,1685,1689,1690,1690,1687,1684,1681,1680,1682,1687,1694,1701,1707,1712,1714,1717,1721,1724,1724,1722,1721,1724,1728,1735,1743,1745,1746,1744,1746,1748,1749,1746,1745,1746,1754,1763,1772,1774,1774,1770,1773
"Utah","State","Studio",573,573,573,573,575,577,578,579,580,581,584,585,584,584,583,584,585,588,593,595,596,596,598,599,598,596,597,602,607,611,612,612,612,613,614,614,615,617,620,625,629,633,637,639,641,642,643,644,645,646,647,648,650,652,652,653,653,654,654,654,654,655,655,657,659,662,663,664,664,667
"Utah","State","1br",690,690,690,691,693,695,697,697,699,700,703,705,704,703,703,704,705,708,714,717,718,717,721,722,720,718,719,725,732,736,738,737,738,739,740,740,740,743,746,752,757,763,767,769,773,774,775,776,777,778,779,781,783,785,786,786,787,788,788,788,788,788,789,792,794,797,799,800,800,803
"Utah","State","2br",854,853,853,854,857,859,862,862,864,866,870,871,870,870,869,870,872,875,883,886,888,887,891,893,890,888,890,897,905,910,912,912,912,914,915,915,915,919,923,931,937,944,949,952,956,957,958,959,961,962,964,966,969,971,972,972,973,974,975,975,975,975,976,979,982,986,988,989,989,993
"Utah","State","3br",1225,1224,1224,1226,1230,1233,1237,1237,1240,1243,1248,1251,1249,1248,1247,1249,1251,1256,1268,1272,1274,1273,1279,1281,1278,1275,1277,1287,1299,1306,1309,1309,1309,1311,1313,1313,1314,1318,1325,1335,1345,1354,1361,1366,1371,1374,1375,1377,1379,1381,1383,1386,1390,1393,1395,1396,1397,1398,1399,1399,1399,1400,1401,1405,1410,1415,1418,1420,1419,1425
"Utah","State","4br",1429,1428,1428,1430,1435,1439,1443,1443,1447,1450,1456,1459,1457,1456,1455,1457,1459,1466,1479,1484,1486,1486,1492,1494,1491,1487,1489,1501,1515,1523,1527,1527,1527,1530,1532,1531,1533,1538,1545,1558,1568,1580,1588,1593,1600,1603,1604,1606,1608,1611,1614,1617,1622,1626,1627,1628,1629,1631,1632,1632,1632,1633,1634,1639,1644,1650,1654,1656,1656,1662
"Vermont","State","Studio",793,794,794,796,798,801,,,,,,,,,,,,,,839,838,,,,,846,845,848,850,851,850,848,848,850,852,853,850,846,840,841,845,850,851,850,849,845,849,851,864,862,859,861,864,868,862,859,858,861,863,864,862,861,858,861,865,870,869,867,864,860
"Vermont","State","1br",892,893,893,895,898,900,,,,,,,,,,,,,,944,943,,,,,951,950,954,956,957,956,953,954,956,958,959,956,951,945,946,950,956,957,956,955,951,955,957,971,969,967,968,971,977,970,966,965,968,971,972,970,968,965,969,973,978,977,975,971,967
"Vermont","State","2br",1125,1126,1127,1130,1133,1136,,,,,,,,,,,,,,1191,1190,,,,,1201,1199,1204,1206,1207,1207,1203,1204,1206,1209,1210,1206,1201,1192,1194,1199,1207,1208,1206,1205,1200,1205,1208,1226,1223,1220,1222,1226,1232,1224,1219,1217,1222,1225,1227,1224,1221,1218,1222,1228,1235,1234,1231,1226,1221
"Vermont","State","3br",1488,1490,1490,1494,1498,1503,,,,,,,,,,,,,,1575,1573,,,,,1588,1586,1592,1595,1597,1596,1591,1592,1595,1599,1601,1595,1588,1577,1579,1586,1596,1597,1595,1594,1586,1593,1597,1621,1618,1613,1616,1621,1630,1618,1612,1610,1616,1620,1622,1619,1615,1611,1617,1624,1633,1631,1628,1621,1614
"Vermont","State","4br",1635,1637,1638,1642,1647,1651,,,,,,,,,,,,,,1731,1729,,,,,1745,1743,1749,1753,1755,1754,1749,1749,1753,1757,1759,1753,1745,1733,1735,1743,1754,1755,1753,1752,1743,1751,1755,1781,1778,1773,1776,1782,1791,1778,1772,1769,1776,1780,1783,1779,1775,1770,1776,1784,1794,1793,1789,1782,1774
"Virginia","State","Studio",916,918,922,927,931,935,938,939,937,934,932,932,932,932,933,936,941,945,950,952,951,950,949,948,949,951,954,958,964,969,975,976,975,971,965,960,958,962,968,975,981,987,991,991,986,980,976,973,972,975,980,984,989,993,995,996,994,994,994,994,993,993,995,1003,1010,1016,1016,1015,1011,1009
"Virginia","State","1br",965,968,971,977,981,985,989,990,988,985,983,982,982,983,984,987,992,996,1001,1003,1003,1001,1000,999,1000,1002,1006,1010,1016,1021,1027,1029,1028,1023,1017,1012,1010,1014,1021,1028,1034,1041,1045,1045,1039,1033,1029,1026,1025,1028,1033,1037,1042,1047,1049,1049,1048,1047,1047,1048,1047,1047,1049,1057,1065,1070,1071,1069,1065,1064
"Virginia","State","2br",1139,1142,1147,1153,1158,1163,1167,1168,1166,1162,1160,1159,1159,1160,1161,1165,1171,1176,1182,1184,1183,1182,1180,1179,1180,1183,1187,1192,1199,1206,1213,1215,1213,1208,1200,1194,1192,1197,1205,1213,1220,1228,1233,1233,1226,1219,1215,1211,1210,1213,1219,1224,1230,1235,1238,1239,1237,1236,1236,1237,1235,1236,1238,1248,1257,1263,1264,1262,1257,1256
"Virginia","State","3br",1525,1530,1535,1544,1551,1557,1562,1564,1561,1556,1553,1553,1552,1553,1555,1559,1567,1574,1582,1586,1585,1582,1580,1579,1581,1584,1590,1596,1606,1614,1624,1627,1624,1617,1607,1599,1597,1603,1613,1625,1634,1645,1651,1651,1642,1633,1626,1622,1620,1624,1632,1639,1647,1654,1658,1659,1656,1656,1655,1656,1654,1655,1658,1671,1683,1692,1693,1690,1684,1682
"Virginia","State","4br",1867,1873,1880,1890,1898,1906,1913,1915,1911,1905,1901,1901,1900,1902,1904,1909,1919,1927,1937,1941,1940,1937,1934,1934,1935,1939,1946,1954,1966,1976,1988,1991,1989,1980,1967,1958,1954,1962,1975,1989,2000,2013,2022,2021,2010,1999,1991,1985,1983,1988,1998,2006,2016,2025,2030,2030,2027,2027,2026,2028,2025,2026,2030,2046,2060,2071,2073,2069,2061,2059
"Washington","State","Studio",804,807,810,816,822,828,834,838,839,838,840,842,845,848,853,860,875,883,894,899,900,899,898,899,904,914,926,934,942,948,957,961,962,959,955,952,952,959,969,981,992,1002,1010,1012,1008,1002,993,985,982,992,998,999,1001,1003,1010,1014,1015,1010,1006,1003,1004,1008,1013,1015,1019,1022,1027,1031,1032,1028
"Washington","State","1br",923,925,929,936,943,950,957,961,962,962,963,966,969,973,979,987,1003,1013,1026,1032,1033,1032,1030,1031,1037,1048,1062,1071,1081,1088,1098,1103,1103,1100,1096,1092,1092,1100,1112,1125,1138,1150,1159,1161,1157,1149,1139,1130,1127,1138,1145,1146,1148,1150,1159,1163,1164,1159,1154,1151,1152,1156,1162,1165,1168,1172,1179,1183,1184,1179
"Washington","State","2br",1156,1160,1165,1173,1181,1190,1199,1204,1206,1205,1207,1210,1214,1220,1227,1237,1258,1270,1285,1293,1294,1293,1291,1293,1300,1314,1331,1343,1355,1363,1377,1382,1382,1379,1373,1368,1369,1378,1394,1410,1426,1441,1453,1455,1450,1440,1427,1416,1412,1426,1435,1436,1439,1441,1453,1458,1459,1452,1446,1442,1444,1449,1456,1460,1464,1469,1477,1482,1484,1478
"Washington","State","3br",1665,1670,1677,1689,1701,1714,1726,1734,1736,1735,1738,1742,1748,1756,1766,1781,1811,1828,1851,1862,1863,1862,1859,1861,1872,1892,1916,1933,1951,1963,1982,1990,1990,1986,1977,1970,1970,1984,2007,2031,2053,2075,2091,2095,2087,2073,2055,2039,2033,2053,2067,2067,2072,2075,2092,2099,2100,2091,2082,2077,2079,2086,2096,2102,2108,2115,2127,2134,2137,2128
"Washington","State","4br",1972,1978,1987,2000,2015,2030,2045,2054,2056,2056,2059,2064,2071,2080,2092,2109,2145,2165,2192,2205,2207,2205,2202,2204,2217,2241,2270,2290,2311,2325,2348,2357,2358,2352,2342,2334,2334,2351,2377,2405,2432,2458,2477,2482,2472,2456,2434,2415,2408,2431,2448,2449,2454,2458,2478,2486,2488,2477,2467,2460,2463,2471,2483,2490,2497,2505,2519,2528,2531,2521
"West Virginia","State","Studio",542,546,546,545,540,541,541,543,544,547,548,548,549,550,552,552,551,549,549,548,547,546,545,544,541,543,546,544,541,540,542,544,543,544,545,546,546,545,545,545,545,545,544,541,539,539,540,541,540,537,536,539,541,544,539,537,536,539,542,544,542,540,537,541,544,547,544,542,539,535
"West Virginia","State","1br",604,609,609,607,602,603,603,605,606,609,611,611,612,613,615,615,614,612,612,610,610,609,607,606,603,605,608,606,602,602,604,606,606,606,607,608,608,608,607,607,608,608,606,603,601,600,602,603,601,599,598,600,603,606,601,599,597,601,604,607,604,601,598,602,607,610,607,604,601,596
"West Virginia","State","2br",734,740,739,738,732,732,732,735,736,740,742,742,743,745,748,747,746,744,744,741,741,740,738,737,732,735,738,737,732,732,734,736,736,737,738,739,739,738,737,738,738,738,736,733,730,729,731,733,731,728,726,729,732,736,730,727,725,730,734,737,734,731,727,732,737,740,737,734,730,724
"West Virginia","State","3br",973,980,980,978,970,971,970,973,976,981,983,983,985,987,991,990,988,986,986,983,982,980,978,976,970,975,979,976,970,970,972,976,975,976,978,979,979,979,977,978,979,978,975,971,967,967,969,971,968,964,962,966,971,976,968,964,961,968,973,977,973,968,963,970,977,981,977,973,968,960
"West Virginia","State","4br",1104,1112,1112,1109,1100,1101,1101,1104,1107,1113,1116,1115,1117,1120,1124,1123,1121,1118,1118,1115,1114,1112,1110,1107,1101,1106,1110,1107,1100,1100,1103,1107,1106,1108,1109,1111,1111,1110,1109,1109,1110,1110,1107,1102,1097,1097,1099,1101,1099,1094,1092,1096,1101,1107,1098,1093,1091,1098,1104,1108,1104,1099,1093,1100,1108,1113,1108,1103,1098,1089
"Wisconsin","State","Studio",539,540,541,542,544,546,547,547,548,549,549,550,550,551,552,553,555,555,555,555,555,555,555,555,556,556,557,560,561,561,563,564,565,565,563,563,563,566,568,571,572,573,574,574,573,572,572,572,572,572,573,575,577,578,578,577,577,577,577,578,578,578,579,580,582,583,584,584,583,585
"Wisconsin","State","1br",631,632,633,635,637,639,640,641,641,643,643,644,644,645,646,648,649,650,650,650,650,650,649,650,651,651,652,655,657,657,659,660,662,661,660,659,660,662,666,669,670,671,672,672,671,670,670,670,670,670,672,673,675,677,676,676,675,676,676,677,677,677,678,680,682,683,684,684,683,685
"Wisconsin","State","2br",801,803,804,805,808,811,812,813,814,815,816,817,818,819,820,822,824,824,825,825,825,824,824,825,826,826,828,832,834,834,836,838,840,839,837,837,837,841,845,849,850,852,853,853,852,851,850,850,850,851,852,854,857,859,858,857,857,857,858,859,859,860,861,863,865,867,868,867,867,869
"Wisconsin","State","3br",1062,1063,1065,1067,1070,1074,1076,1078,1078,1080,1082,1082,1083,1085,1086,1089,1092,1092,1093,1094,1093,1092,1092,1093,1094,1095,1097,1102,1105,1105,1108,1110,1112,1111,1109,1108,1109,1114,1119,1124,1126,1129,1130,1130,1128,1127,1126,1126,1126,1127,1129,1132,1136,1138,1137,1136,1135,1136,1137,1138,1138,1139,1140,1143,1146,1148,1149,1149,1149,1152
"Wisconsin","State","4br",1189,1191,1193,1195,1199,1203,1206,1207,1208,1211,1212,1213,1214,1216,1217,1220,1223,1224,1225,1225,1224,1224,1223,1225,1226,1226,1229,1234,1238,1238,1241,1244,1246,1245,1243,1242,1243,1248,1254,1260,1262,1264,1266,1266,1264,1263,1261,1262,1262,1263,1265,1268,1272,1275,1274,1273,1272,1273,1274,1275,1275,1276,1278,1280,1284,1286,1288,1288,1287,1291
"Wyoming","State","Studio",557,554,553,553,555,556,557,555,554,555,559,562,560,560,562,562,561,559,561,562,558,559,558,558,550,549,546,550,548,548,546,546,546,545,546,545,547,548,546,543,542,544,546,546,544,541,538,539,541,542,541,542,542,544,543,543,542,543,544,545,545,545,545,546,548,550,549,548,547,551
"Wyoming","State","1br",624,621,620,620,622,623,624,621,620,622,626,630,628,627,630,630,629,627,628,629,626,627,626,625,617,615,612,616,614,614,612,612,612,611,611,611,613,614,612,609,608,610,612,612,610,607,603,604,607,608,607,607,608,609,608,608,608,608,609,610,611,611,611,612,614,616,615,614,613,617
"Wyoming","State","2br",801,797,796,796,798,800,801,798,797,798,804,808,806,805,808,809,807,805,807,808,803,805,804,803,792,790,786,792,788,788,786,786,786,785,785,784,788,789,786,781,781,783,786,786,783,779,775,776,779,781,779,780,781,782,781,781,780,781,783,784,784,784,784,786,788,791,790,789,787,792
"Wyoming","State","3br",1089,1084,1083,1082,1085,1087,1089,1085,1083,1085,1093,1099,1096,1095,1099,1100,1097,1094,1097,1099,1092,1094,1092,1092,1076,1073,1068,1076,1072,1071,1068,1068,1069,1067,1067,1066,1071,1072,1069,1062,1061,1065,1069,1069,1064,1059,1053,1055,1059,1061,1059,1060,1061,1064,1062,1061,1061,1062,1064,1066,1066,1066,1066,1069,1072,1075,1074,1072,1070,1077
"Wyoming","State","4br",1288,1283,1281,1280,1284,1286,1289,1283,1281,1284,1293,1300,1297,1295,1300,1301,1298,1294,1297,1300,1292,1294,1293,1292,1273,1270,1264,1273,1268,1268,1264,1264,1264,1262,1263,1262,1267,1269,1264,1257,1256,1260,1265,1264,1259,1253,1246,1248,1253,1256,1253,1254,1256,1259,1257,1256,1255,1257,1259,1261,1261,1261,1261,1264,1268,1272,1270,1269,1266,1275
